year;category;film;name;BAFTA;Golden Globe;Guild;Oscar;country;release_date;running_time;box_office;budget;imdb_score;rt_audience_score;rt_critic_score;release_month
1995;Supporting Actor;12 Monkeys;Brad Pitt;0.0;1.0;0.0;0.0;United States;05/01/1996;129;168800000.0;29500000.0;8.0;88.0;88.0;1
2013;Actor;12 Years a Slave;Chiwetel Ejiofor;1.0;0.0;0.0;0.0;United States;08/11/2013;134;187700000.0;17100000.0;8.1;90.0;96.0;11
2013;Adapted Screenplay;12 Years a Slave;John Ridley;0.0;0.0;0.0;1.0;United States;08/11/2013;134;187700000.0;17100000.0;8.1;90.0;96.0;11
2013;Picture;12 Years a Slave;12 Years a Slave;1.0;1.0;0.0;1.0;United States;08/11/2013;134;187700000.0;17100000.0;8.1;90.0;96.0;11
2013;Supporting Actress;12 Years a Slave;Lupita Nyong'o;0.0;0.0;1.0;1.0;United States;08/11/2013;134;187700000.0;17100000.0;8.1;90.0;96.0;11
2001;Actor;A Beautiful Mind;Russell Crowe;1.0;1.0;1.0;0.0;United States;04/01/2002;135;313000000.0;58000000.0;8.2;93.0;75.0;1
2001;Adapted Screenplay;A Beautiful Mind;Akiva Goldsman;0.0;1.0;0.0;1.0;United States;04/01/2002;135;313000000.0;58000000.0;8.2;93.0;75.0;1
2001;Director;A Beautiful Mind;Ron Howard;0.0;0.0;1.0;1.0;United States;04/01/2002;135;313000000.0;58000000.0;8.2;93.0;75.0;1
2001;Picture;A Beautiful Mind;A Beautiful Mind;0.0;1.0;0.0;1.0;United States;04/01/2002;135;313000000.0;58000000.0;8.2;93.0;75.0;1
2001;Supporting Actress;A Beautiful Mind;Jennifer Connelly;1.0;1.0;0.0;1.0;United States;04/01/2002;135;313000000.0;58000000.0;8.2;93.0;75.0;1
1998;Supporting Actor;A Civil Action;Robert Duvall;0.0;0.0;1.0;0.0;United States;08/01/1999;115;56709981.0;75000000.0;6.5;55.0;60.0;1
1988;Supporting Actor;A Fish Called Wanda;Kevin Kline;0.0;0.0;0.0;1.0;United Kingdom;05/08/1988;108;62500000.0;;7.6;84.0;93.0;8
1984;Supporting Actress;A Passage to India;Peggy Ashcroft;0.0;1.0;0.0;1.0;United Kingdom;01/02/1985;163;27200000.0;17000000.0;7.4;78.0;85.0;2
1986;Adapted Screenplay;A Room with a View;Ruth Prawer Jhabvala;0.0;0.0;0.0;1.0;United Kingdom;11/04/1986;117;21000000.0;2300000.0;7.4;86.0;100.0;4
1986;Picture;A Room with a View;A Room with a View;1.0;0.0;0.0;0.0;United Kingdom;11/04/1986;117;21000000.0;2300000.0;7.4;86.0;100.0;4
1986;Supporting Actress;A Room with a View;Maggie Smith;0.0;1.0;0.0;0.0;United Kingdom;11/04/1986;117;21000000.0;2300000.0;7.4;86.0;100.0;4
2009;Actor;A Single Man;Colin Firth;1.0;0.0;0.0;0.0;United States;05/02/2010;100;25000000.0;7000000.0;7.6;81.0;85.0;2
2002;Actor;About Schmidt;Jack Nicholson;0.0;1.0;0.0;0.0;United States;03/01/2003;124;105834556.0;30000000.0;7.2;74.0;85.0;1
2002;Supporting Actor;Adaptation;Chris Cooper;0.0;0.0;0.0;1.0;United States;14/02/2003;114;32800000.0;19000000.0;7.7;85.0;91.0;2
1998;Supporting Actor;Affliction;James Coburn;0.0;0.0;0.0;1.0;United States;19/02/1999;114;6330054.0;6000000.0;7.0;72.0;87.0;2
1985;Supporting Actress;Agnes of God;Meg Tilly;0.0;1.0;0.0;0.0;United States;27/09/1985;98;25600000.0;;6.6;55.0;46.0;9
2000;Original Screenplay;Almost Famous;Cameron Crowe;1.0;0.0;0.0;1.0;United States;22/09/2000;122;47400000.0;60000000.0;7.9;92.0;89.0;9
2000;Supporting Actress;Almost Famous;Kate Hudson;0.0;1.0;0.0;0.0;United States;22/09/2000;122;47400000.0;60000000.0;7.9;92.0;89.0;9
1984;Actor;Amadeus;F. Murray Abraham;0.0;1.0;0.0;1.0;United States;19/09/1984;161;52000000.0;18000000.0;8.3;95.0;95.0;9
1984;Adapted Screenplay;Amadeus;Peter Shaffer;0.0;1.0;0.0;1.0;United States;19/09/1984;161;52000000.0;18000000.0;8.3;95.0;95.0;9
1984;Director;Amadeus;Milo Forman;0.0;1.0;0.0;1.0;United States;19/09/1984;161;52000000.0;18000000.0;8.3;95.0;95.0;9
1984;Picture;Amadeus;Amadeus;0.0;1.0;0.0;1.0;United States;19/09/1984;161;52000000.0;18000000.0;8.3;95.0;95.0;9
1999;Actor;American Beauty;Kevin Spacey;1.0;0.0;1.0;1.0;United States;01/10/1999;122;356300000.0;15000000.0;8.4;93.0;88.0;10
1999;Actress;American Beauty;Annette Bening;1.0;0.0;1.0;0.0;United States;01/10/1999;122;356300000.0;15000000.0;8.4;93.0;88.0;10
1999;Director;American Beauty;Sam Mendes;0.0;1.0;1.0;1.0;United States;01/10/1999;122;356300000.0;15000000.0;8.4;93.0;88.0;10
1999;Original Screenplay;American Beauty;Alan Ball;0.0;1.0;0.0;1.0;United States;01/10/1999;122;356300000.0;15000000.0;8.4;93.0;88.0;10
1999;Picture;American Beauty;American Beauty;1.0;1.0;1.0;1.0;United States;01/10/1999;122;356300000.0;15000000.0;8.4;93.0;88.0;10
2007;Supporting Actress;American Gangster;Ruby Dee;0.0;0.0;1.0;0.0;United States;02/11/2007;158;266500000.0;100000000.0;7.8;87.0;80.0;11
2013;Actress;American Hustle;Amy Adams;0.0;1.0;0.0;0.0;United States;20/12/2013;138;251100000.0;40000000.0;7.3;74.0;93.0;12
2013;Original Screenplay;American Hustle;Eric Warren Singer;1.0;0.0;0.0;0.0;United States;20/12/2013;138;251100000.0;40000000.0;7.3;74.0;93.0;12
2013;Picture;American Hustle;American Hustle;0.0;1.0;1.0;0.0;United States;20/12/2013;138;251100000.0;40000000.0;7.3;74.0;93.0;12
2013;Supporting Actress;American Hustle;Jennifer Lawrence;1.0;1.0;0.0;0.0;United States;20/12/2013;138;251100000.0;40000000.0;7.3;74.0;93.0;12
2012;Actress;Amour;Emmanuelle Riva;1.0;0.0;0.0;0.0;France;20/09/2012;127;29900000.0;8900000.0;7.9;82.0;93.0;9
2009;Actress;An Education;Carey Mulligan;1.0;0.0;0.0;0.0;United Kingdom;05/02/2010;95;26100000.0;7500000.0;7.3;80.0;94.0;2
1982;Supporting Actor;An Officer and a Gentleman;Louis Gossett Jr.;0.0;1.0;0.0;1.0;United States;13/08/1982;122;129800000.0;6000000.0;7.0;81.0;81.0;8
1987;Actress;Anna;Sally Kirkland;0.0;1.0;0.0;0.0;United States;28/11/1987;100;1236848.0;;6.6;38.0;35.0;11
1995;Picture;Apollo 13;Apollo 13;0.0;0.0;1.0;0.0;United States;30/06/1995;140;355200000.0;52000000.0;7.6;87.0;95.0;6
1995;Supporting Actor;Apollo 13;Ed Harris;0.0;0.0;1.0;0.0;United States;30/06/1995;140;355200000.0;52000000.0;7.6;87.0;95.0;6
2012;Adapted Screenplay;Argo;Chris Terrio;0.0;0.0;0.0;1.0;United States;12/10/2012;120;232300000.0;44500000.0;7.7;90.0;96.0;10
2012;Picture;Argo;Argo;1.0;1.0;1.0;1.0;United States;12/10/2012;120;232300000.0;44500000.0;7.7;90.0;96.0;10
1981;Actor;Arthur;Dudley Moore;0.0;1.0;0.0;0.0;United States;17/07/1981;97;95461682.0;7000000.0;6.9;77.0;90.0;7
1981;Supporting Actor;Arthur;John Gielgud;0.0;1.0;0.0;1.0;United States;17/07/1981;97;95461682.0;7000000.0;6.9;77.0;90.0;7
1997;Actor;As Good as It Gets;Jack Nicholson;0.0;1.0;1.0;1.0;United States;25/12/1997;139;314178011.0;50000000.0;7.7;86.0;86.0;12
1997;Actress;As Good as It Gets;Helen Hunt;0.0;1.0;1.0;1.0;United States;25/12/1997;139;314178011.0;50000000.0;7.7;86.0;86.0;12
1997;Picture;As Good as It Gets;As Good as It Gets;0.0;1.0;0.0;0.0;United States;25/12/1997;139;314178011.0;50000000.0;7.7;86.0;86.0;12
1981;Actor;Atlantic City;Burt Lancaster;1.0;0.0;0.0;0.0;Canada;03/04/1981;104;12729675.0;7200000.0;7.4;77.0;100.0;4
1981;Director;Atlantic City;Louis Malle;1.0;0.0;0.0;0.0;Canada;03/04/1981;104;12729675.0;7200000.0;7.4;77.0;100.0;4
2007;Picture;Atonement;Atonement;1.0;1.0;0.0;0.0;United Kingdom;11/01/2008;123;129300000.0;30000000.0;7.8;80.0;83.0;1
2009;Director;Avatar;James Cameron;0.0;1.0;0.0;0.0;United States;18/12/2009;161;27880000.0;237000000.0;7.8;82.0;83.0;12
2009;Picture;Avatar;Avatar;0.0;1.0;0.0;0.0;United States;18/12/2009;161;27880000.0;237000000.0;7.8;82.0;83.0;12
2007;Actress;Away from Her;Julie Christie;0.0;1.0;1.0;0.0;Canada;25/05/2007;110;9194283.0;;7.6;81.0;94.0;5
1995;Picture;Babe;Babe;0.0;1.0;0.0;0.0;Australia;04/08/1995;92;254100000.0;30000000.0;6.8;67.0;97.0;8
2006;Picture;Babel;Babel;0.0;1.0;0.0;0.0;United States;10/11/2006;143;135300000.0;25000000.0;7.5;77.0;69.0;11
1991;Picture;Beauty and the Beast;Beauty and the Beast;0.0;1.0;0.0;0.0;United States;22/11/1991;84;425000000.0;25000000.0;8.0;92.0;93.0;11
2011;Supporting Actor;Beginners;Christopher Plummer;1.0;1.0;1.0;1.0;United States;09/06/2011;104;14300000.0;3200000.0;7.2;77.0;84.0;6
1999;Original Screenplay;Being John Malkovich;Charlie Kaufman;1.0;0.0;0.0;0.0;United States;03/12/1999;112;32400000.0;13000000.0;7.8;87.0;93.0;12
2004;Actress;Being Julia;Annette Bening;0.0;1.0;0.0;0.0;Canada;18/02/2005;104;14339171.0;18000000.0;7.1;74.0;76.0;2
1988;Actor;Big;Tom Hanks;0.0;1.0;0.0;0.0;United States;03/06/1988;104;151700000.0;18000000.0;7.3;82.0;97.0;6
2000;Supporting Actress;Billy Elliot;Julie Walters;1.0;0.0;0.0;0.0;United Kingdom;10/11/2000;110;72853509.0;3000000.0;7.7;89.0;85.0;11
2014;Original Screenplay;Birdman;Alejandro G. Irritu;0.0;0.0;0.0;1.0;United States;14/11/2014;119;103200000.0;16500000.0;7.8;77.0;91.0;11
2014;Picture;Birdman;Birdman ;0.0;0.0;0.0;1.0;United States;14/11/2014;119;103200000.0;16500000.0;7.8;77.0;91.0;11
2014;Director;Birdman ;Alejandro G. Irritu;0.0;0.0;1.0;1.0;United States;14/11/2014;119;103200000.0;16500000.0;7.8;77.0;91.0;11
2010;Actress;Black Swan;Natalie Portman;1.0;1.0;1.0;1.0;United States;17/12/2010;108;329400000.0;13000000.0;8.0;84.0;87.0;12
2013;Actress;Blue Jasmine;Cate Blanchett;1.0;1.0;1.0;1.0;United States;23/08/2013;99;97500000.0;18000000.0;7.3;77.0;91.0;8
1994;Actress;Blue Sky;Jessica Lange;0.0;1.0;0.0;1.0;United States;16/09/1994;101;3359465.0;;6.4;57.0;74.0;9
1997;Supporting Actor;Boogie Nights;Burt Reynolds;0.0;1.0;0.0;0.0;United States;31/10/1997;155;43100000.0;15000000.0;7.9;89.0;92.0;10
1989;Actor;Born on the Fourth of July;Tom Cruise;0.0;1.0;0.0;0.0;United States;05/01/1990;145;161000000.0;14000000.0;7.2;76.0;90.0;1
1989;Director;Born on the Fourth of July;Oliver Stone;0.0;1.0;0.0;1.0;United States;05/01/1990;145;161000000.0;14000000.0;7.2;76.0;90.0;1
1989;Picture;Born on the Fourth of July;Born on the Fourth of July;0.0;1.0;0.0;0.0;United States;05/01/1990;145;161000000.0;14000000.0;7.2;76.0;90.0;1
2014;Director;Boyhood;Richard Linklater;1.0;1.0;0.0;0.0;United States;15/08/2014;165;44500000.0;4000000.0;7.9;81.0;98.0;8
2014;Picture;Boyhood;Boyhood;1.0;1.0;0.0;0.0;United States;15/08/2014;165;44500000.0;4000000.0;7.9;81.0;98.0;8
2014;Supporting Actress;Boyhood;Patricia Arquette;1.0;1.0;1.0;1.0;United States;15/08/2014;165;44500000.0;4000000.0;7.9;81.0;98.0;8
1999;Actress;Boys Don't Cry;Hilary Swank;0.0;1.0;0.0;1.0;United States;31/03/2000;118;11500000.0;2000000.0;7.6;87.0;88.0;3
1995;Director;Braveheart;Mel Gibson;0.0;1.0;0.0;1.0;United States;24/05/1995;178;210400000.0;72000000.0;8.4;85.0;78.0;5
1995;Picture;Braveheart;Braveheart;0.0;0.0;0.0;1.0;United States;24/05/1995;178;210400000.0;72000000.0;8.4;85.0;78.0;5
2015;Supporting Actor;Bridge of Spies;Mark Rylance;1.0;0.0;0.0;1.0;United States;16/10/2015;141;165500000.0;40000000.0;7.6;87.0;91.0;10
1984;Original Screenplay;Broadway Danny Rose;Woody Allen;1.0;0.0;0.0;0.0;United States;27/01/1984;84;10600497.0;8000000.0;7.5;84.0;100.0;1
2005;Adapted Screenplay;Brokeback Mountain;Larry McMurtry;1.0;1.0;0.0;1.0;United States;13/01/2006;134;178100000.0;14000000.0;7.7;82.0;87.0;1
2005;Director;Brokeback Mountain;Ang Lee;1.0;1.0;1.0;1.0;United States;13/01/2006;134;178100000.0;14000000.0;7.7;82.0;87.0;1
2005;Picture;Brokeback Mountain;Brokeback Mountain;1.0;1.0;0.0;0.0;United States;13/01/2006;134;178100000.0;14000000.0;7.7;82.0;87.0;1
2005;Supporting Actor;Brokeback Mountain;Jake Gyllenhaal;1.0;0.0;0.0;0.0;United States;13/01/2006;134;178100000.0;14000000.0;7.7;82.0;87.0;1
1991;Picture;Bugsy;Bugsy;0.0;1.0;0.0;0.0;United States;20/12/1991;137;49100000.0;30000000.0;6.8;69.0;85.0;12
1994;Supporting Actress;Bullets over Broadway;Dianne Wiest;0.0;0.0;1.0;1.0;United States;24/02/1995;98;13400000.0;20000000.0;7.5;83.0;96.0;2
2005;Actor;Capote;Philip Seymour Hoffman;1.0;1.0;1.0;1.0;United States;03/02/2006;114;49200000.0;7000000.0;7.4;81.0;90.0;2
2013;Supporting Actor;Captain Phillips;Barkhad Abdi;1.0;0.0;0.0;0.0;United States;11/10/2013;134;218800000.0;55000000.0;7.8;89.0;93.0;10
1995;Actress;Casino;Sharon Stone;0.0;1.0;0.0;0.0;United States;22/11/1995;178;116100000.0;4050000000.0;8.2;93.0;80.0;11
2000;Actor;Cast Away;Tom Hanks;0.0;1.0;0.0;0.0;United States;22/12/2000;143;429600000.0;90000000.0;7.7;83.0;90.0;12
2002;Supporting Actor;Catch Me If You Can;Christopher Walken;1.0;0.0;1.0;0.0;United States;25/12/2002;141;352100000.0;52000000.0;8.0;89.0;96.0;12
1992;Actor;Chaplin;Robert Downey Jr.;1.0;0.0;0.0;0.0;United Kingdom;08/01/1993;143;9500000.0;31000000.0;7.6;81.0;57.0;1
1981;Original Screenplay;Chariots of Fire;Colin Welland;0.0;0.0;0.0;1.0;United Kingdom;09/04/1982;124;59000000.0;5500000.0;7.2;80.0;83.0;4
1981;Picture;Chariots of Fire;Chariots of Fire;1.0;0.0;0.0;1.0;United Kingdom;09/04/1982;124;59000000.0;5500000.0;7.2;80.0;83.0;4
1981;Supporting Actor;Chariots of Fire;Ian Holm;1.0;0.0;0.0;0.0;United Kingdom;09/04/1982;124;59000000.0;5500000.0;7.2;80.0;83.0;4
2002;Actress;Chicago;Rene Zellweger;0.0;1.0;1.0;0.0;United States;24/01/2003;113;306800000.0;45000000.0;7.2;83.0;86.0;1
2002;Director;Chicago;Rob Marshall;0.0;0.0;1.0;0.0;United States;24/01/2003;113;306800000.0;45000000.0;7.2;83.0;86.0;1
2002;Picture;Chicago;Chicago;0.0;1.0;1.0;1.0;United States;24/01/2003;113;306800000.0;45000000.0;7.2;83.0;86.0;1
2002;Supporting Actress;Chicago;Catherine Zeta-Jones;1.0;0.0;1.0;1.0;United States;24/01/2003;113;306800000.0;45000000.0;7.2;83.0;86.0;1
1986;Actress;Children of a Lesser God;Marlee Matlin;0.0;1.0;0.0;1.0;United States;31/10/1986;119;31853080.0;2000000.0;7.2;78.0;81.0;10
2000;Supporting Actress;Chocolat;Judi Dench;0.0;0.0;1.0;0.0;United States;19/01/2001;121;152699946.0;25000000.0;7.3;83.0;63.0;1
2005;Supporting Actor;Cinderella Man;Paul Giamatti;0.0;0.0;1.0;0.0;United States;03/06/2005;144;108500000.0;88000000.0;8.0;91.0;80.0;6
1991;Supporting Actor;City Slickers;Jack Palance;0.0;1.0;0.0;1.0;United States;07/06/1991;112;180000000.0;26000000.0;6.7;64.0;90.0;6
2004;Supporting Actor;Closer;Clive Owen;1.0;1.0;0.0;0.0;United States;03/12/2004;104;115505027.0;27000000.0;7.3;81.0;68.0;12
2004;Supporting Actress;Closer;Natalie Portman;0.0;1.0;0.0;0.0;United States;03/12/2004;104;115505027.0;27000000.0;7.3;81.0;68.0;12
1980;Actress;Coal Miner's Daughter;Sissy Spacek;0.0;1.0;0.0;1.0;United States;07/03/1980;125;67182787.0;15000000.0;7.5;86.0;100.0;3
1980;Picture;Coal Miner's Daughter;Coal Miner's Daughter;0.0;1.0;0.0;0.0;United States;07/03/1980;125;67182787.0;15000000.0;7.5;86.0;100.0;3
1985;Supporting Actor;Cocoon;Don Ameche;0.0;0.0;0.0;1.0;United States;21/06/1985;117;85300000.0;17500000.0;6.7;59.0;80.0;6
2003;Supporting Actress;Cold Mountain;Rene Zellweger;1.0;1.0;1.0;1.0;United States;25/12/2003;154;173000000.0;79000000.0;7.2;77.0;71.0;12
2005;Original Screenplay;Crash;Paul Haggis;1.0;0.0;0.0;1.0;United States;06/05/2005;112;98400000.0;6500000.0;7.8;88.0;75.0;5
2005;Picture;Crash;Crash;0.0;0.0;1.0;1.0;United States;06/05/2005;112;98400000.0;6500000.0;7.8;88.0;75.0;5
2009;Actor;Crazy Heart;Jeff Bridges;0.0;1.0;1.0;1.0;United States;05/02/2010;112;47400000.0;7000000.0;7.3;76.0;91.0;2
2015;Supporting Actor;Creed;Sylvester Stallone;0.0;1.0;0.0;0.0;United States;25/11/2015;133;173600000.0;35000000.0;7.7;89.0;95.0;11
1986;Actress;Crimes of the Heart;Sissy Spacek;0.0;1.0;0.0;0.0;United States;23/01/1987;105;22905522.0;20000000.0;6.4;66.0;81.0;1
2000;Director;Crouching Tiger, Hidden Dragon;Ang Lee;0.0;1.0;1.0;0.0;Taiwan;12/01/2001;120;213500000.0;17000000.0;7.9;86.0;97.0;1
2013;Actor;Dallas Buyers Club;Matthew McConaughey;0.0;1.0;1.0;1.0;United States;22/11/2013;116;55200000.0;5000000.0;8.0;91.0;94.0;11
2013;Supporting Actor;Dallas Buyers Club;Jared Leto;0.0;1.0;1.0;1.0;United States;22/11/2013;116;55200000.0;5000000.0;8.0;91.0;94.0;11
1992;Supporting Actress;Damage;Miranda Richardson;1.0;0.0;0.0;0.0;United Kingdom;22/01/1993;111;7532911.0;;6.9;73.0;80.0;1
1990;Adapted Screenplay;Dances with Wolves;Michael Blake;0.0;1.0;0.0;1.0;United States;21/11/1990;181;424200000.0;22000000.0;8.0;87.0;82.0;11
1990;Director;Dances with Wolves;Kevin Costner;0.0;1.0;1.0;1.0;United States;21/11/1990;181;424200000.0;22000000.0;8.0;87.0;82.0;11
1990;Picture;Dances with Wolves;Dances with Wolves;0.0;1.0;0.0;1.0;United States;21/11/1990;181;424200000.0;22000000.0;8.0;87.0;82.0;11
1988;Adapted Screenplay;Dangerous Liaisons;Christopher Hampton;0.0;0.0;0.0;1.0;United States;24/02/1989;119;34700000.0;14000000.0;7.7;83.0;93.0;2
1995;Actress;Dead Man Walking;Susan Sarandon;0.0;0.0;1.0;1.0;United States;02/02/1996;122;83000000.0;11000000.0;7.6;86.0;95.0;2
1989;Original Screenplay;Dead Poets Society;Tom Schulman;0.0;0.0;0.0;1.0;United States;09/06/1989;128;235800000.0;16400000.0;8.0;92.0;85.0;6
1989;Picture;Dead Poets Society;Dead Poets Society;1.0;0.0;0.0;0.0;United States;09/06/1989;128;235800000.0;16400000.0;8.0;92.0;85.0;6
2012;Original Screenplay;Django Unchained;Quentin Tarantino;1.0;1.0;0.0;1.0;United States;25/12/2012;165;425400000.0;100000000.0;8.4;91.0;88.0;12
2012;Supporting Actor;Django Unchained;Christoph Waltz;1.0;1.0;0.0;1.0;United States;25/12/2012;165;425400000.0;100000000.0;8.4;91.0;88.0;12
2008;Actress;Doubt;Meryl Streep;0.0;0.0;1.0;0.0;United States;25/12/2008;104;50900000.0;20000000.0;7.5;78.0;78.0;12
2006;Supporting Actor;Dreamgirls;Eddie Murphy;0.0;1.0;1.0;0.0;United States;25/12/2006;130;154800000.0;80000000.0;6.5;71.0;78.0;12
2006;Supporting Actress;Dreamgirls;Jennifer Hudson;1.0;1.0;1.0;1.0;United States;25/12/2006;130;154800000.0;80000000.0;6.5;71.0;78.0;12
1989;Actor;Driving Miss Daisy;Morgan Freeman;0.0;1.0;0.0;0.0;United States;26/01/1990;100;145800000.0;7500000.0;7.4;81.0;82.0;1
1989;Actress;Driving Miss Daisy;Jessica Tandy;0.0;1.0;0.0;1.0;United States;26/01/1990;100;145800000.0;7500000.0;7.4;81.0;82.0;1
1989;Adapted Screenplay;Driving Miss Daisy;Alfred Uhry;0.0;0.0;0.0;1.0;United States;26/01/1990;100;145800000.0;7500000.0;7.4;81.0;82.0;1
1989;Picture;Driving Miss Daisy;Driving Miss Daisy;0.0;1.0;0.0;1.0;United States;26/01/1990;100;145800000.0;7500000.0;7.4;81.0;82.0;1
1982;Picture;E.T. the Extra-Terrestrial;E.T. the Extra-Terrestrial;0.0;1.0;0.0;0.0;United States;11/06/1982;114;792900000.0;10500000.0;7.9;72.0;98.0;6
1994;Supporting Actor;Ed Wood;Martin Landau;0.0;1.0;1.0;1.0;United States;07/10/1994;127;5900000.0;18000000.0;7.9;88.0;92.0;10
1983;Actor;Educating Rita;Michael Caine;1.0;1.0;0.0;0.0;United Kingdom;28/10/1983;110;14600000.0;4000000.0;7.2;81.0;85.0;10
1983;Actress;Educating Rita;Julie Walters;1.0;1.0;0.0;0.0;United Kingdom;28/10/1983;110;14600000.0;4000000.0;7.2;81.0;85.0;10
1998;Actress;Elizabeth;Cate Blanchett;1.0;1.0;0.0;0.0;United Kingdom;19/02/1999;123;82150642.0;30000000.0;7.5;86.0;82.0;2
2016;Actress;Elle;Isabelle Huppert;0.0;1.0;0.0;0.0;France;11/11/2016;130;10200000.0;8200000.0;7.3;75.0;89.0;11
1992;Supporting Actress;Enchanted April;Joan Plowright;0.0;1.0;0.0;0.0;United Kingdom;05/04/1992;95;13200170.0;;7.4;83.0;82.0;4
2000;Actress;Erin Brockovich;Julia Roberts;1.0;1.0;1.0;1.0;United States;17/03/2000;130;256300000.0;52000000.0;7.3;80.0;84.0;3
2000;Supporting Actor;Erin Brockovich;Albert Finney;0.0;0.0;1.0;0.0;United States;17/03/2000;130;256300000.0;52000000.0;7.3;80.0;84.0;3
2004;Original Screenplay;Eternal Sunshine of the Spotless Mind;Charlie Kaufman;1.0;0.0;0.0;1.0;United States;19/03/2004;108;72300000.0;20000000.0;8.3;94.0;93.0;3
1996;Actress;Fargo;Frances McDormand;0.0;0.0;1.0;1.0;United Kingdom;05/04/1996;98;60600000.0;7000000.0;8.1;93.0;94.0;4
1996;Director;Fargo;Joel Coen;1.0;0.0;0.0;0.0;United Kingdom;05/04/1996;98;60600000.0;7000000.0;8.1;93.0;94.0;4
1996;Original Screenplay;Fargo;Joel Coen and Ethan Coen;0.0;0.0;0.0;1.0;United Kingdom;05/04/1996;98;60600000.0;7000000.0;8.1;93.0;94.0;4
2016;Actor;Fences;Denzel Washington;0.0;0.0;1.0;0.0;United States;25/12/2016;139;55600000.0;24000000.0;7.4;79.0;93.0;12
2016;Supporting Actress;Fences;Viola Davis;1.0;1.0;1.0;0.0;United States;25/12/2016;139;55600000.0;24000000.0;7.4;79.0;93.0;12
1991;Actress;For the Boys;Bette Midler;0.0;1.0;0.0;0.0;United States;27/11/1991;138;23202444.0;40000000.0;6.3;75.0;38.0;11
1994;Actor;Forrest Gump;Tom Hanks;0.0;1.0;1.0;1.0;United States;06/07/1994;142;677900000.0;55000000.0;8.8;95.0;72.0;7
1994;Adapted Screenplay;Forrest Gump;Eric Roth;0.0;0.0;0.0;1.0;United States;06/07/1994;142;677900000.0;55000000.0;8.8;95.0;72.0;7
1994;Director;Forrest Gump;Robert Zemeckis;0.0;1.0;1.0;1.0;United States;06/07/1994;142;677900000.0;55000000.0;8.8;95.0;72.0;7
1994;Picture;Forrest Gump;Forrest Gump;0.0;1.0;0.0;1.0;United States;06/07/1994;142;677900000.0;55000000.0;8.8;95.0;72.0;7
1994;Picture;Four Weddings and a Funeral;Four Weddings and a Funeral;1.0;0.0;0.0;0.0;United Kingdom;15/04/1994;117;245700000.0;2800000.0;7.1;74.0;95.0;4
1982;Actor;Gandhi;Ben Kingsley;1.0;1.0;0.0;1.0;United Kingdom;25/02/1983;191;127800000.0;22000000.0;8.1;92.0;88.0;2
1982;Director;Gandhi;Richard Attenborough;1.0;1.0;0.0;1.0;United Kingdom;25/02/1983;191;127800000.0;22000000.0;8.1;92.0;88.0;2
1982;Original Screenplay;Gandhi;John Briley;0.0;1.0;0.0;1.0;United Kingdom;25/02/1983;191;127800000.0;22000000.0;8.1;92.0;88.0;2
1982;Picture;Gandhi;Gandhi;1.0;0.0;0.0;1.0;United Kingdom;25/02/1983;191;127800000.0;22000000.0;8.1;92.0;88.0;2
2002;Actor;Gangs of New York;Daniel Day-Lewis;1.0;0.0;1.0;0.0;United States;20/12/2002;168;193700000.0;97000000.0;7.5;81.0;75.0;12
2002;Director;Gangs of New York;Martin Scorsese;0.0;1.0;0.0;0.0;United States;20/12/2002;168;193700000.0;97000000.0;7.5;81.0;75.0;12
1990;Original Screenplay;Ghost;Bruce Joel Rubin;0.0;0.0;0.0;1.0;United States;13/07/1990;127;505700000.0;22000000.0;7.0;80.0;74.0;7
1990;Supporting Actress;Ghost;Whoopi Goldberg;1.0;1.0;0.0;1.0;United States;13/07/1990;127;505700000.0;22000000.0;7.0;80.0;74.0;7
1999;Supporting Actress;Girl, Interrupted;Angelina Jolie;0.0;1.0;1.0;1.0;United States;14/01/2000;127;48300000.0;40000000.0;7.3;84.0;54.0;1
2000;Actor;Gladiator;Russell Crowe;0.0;0.0;0.0;1.0;United Kingdom;05/05/2000;155;457600000.0;103000000.0;8.5;87.0;76.0;5
2000;Picture;Gladiator;Gladiator;1.0;1.0;0.0;1.0;United Kingdom;05/05/2000;155;457600000.0;103000000.0;8.5;87.0;76.0;5
1989;Supporting Actor;Glory;Denzel Washington;0.0;1.0;0.0;1.0;United States;16/02/1990;122;26800000.0;18000000.0;7.9;93.0;93.0;2
1998;Adapted Screenplay;Gods and Monsters;Bill Condon;0.0;0.0;0.0;1.0;United Kingdom;04/11/1998;105;6500000.0;10000000.0;7.5;83.0;95.0;11
1998;Supporting Actress;Gods and Monsters;Lynn Redgrave;0.0;1.0;0.0;0.0;United Kingdom;04/11/1998;105;6500000.0;10000000.0;7.5;83.0;95.0;11
1987;Actor;Good Morning, Vietnam;Robin Williams;0.0;1.0;0.0;0.0;United States;15/01/1988;120;123900000.0;13000000.0;7.3;82.0;89.0;1
1997;Original Screenplay;Good Will Hunting;Ben Affleck;0.0;0.0;0.0;1.0;United States;09/01/1998;126;225900000.0;10000000.0;8.3;94.0;97.0;1
1997;Supporting Actor;Good Will Hunting;Robin Williams;0.0;0.0;1.0;1.0;United States;09/01/1998;126;225900000.0;10000000.0;8.3;94.0;97.0;1
1990;Adapted Screenplay;Goodfellas;Nicholas Pileggi;1.0;0.0;0.0;0.0;United States;21/09/1990;145;46800000.0;25000000.0;8.7;97.0;97.0;9
1990;Director;Goodfellas;Martin Scorsese;1.0;0.0;0.0;0.0;United States;21/09/1990;145;46800000.0;25000000.0;8.7;97.0;97.0;9
1990;Picture;Goodfellas;Goodfellas;1.0;0.0;0.0;0.0;United States;21/09/1990;145;46800000.0;25000000.0;8.7;97.0;97.0;9
1990;Supporting Actor;Goodfellas;Joe Pesci;0.0;0.0;0.0;1.0;United States;21/09/1990;145;46800000.0;25000000.0;8.7;97.0;97.0;9
1988;Actress;Gorillas in the Mist;Sigourney Weaver;0.0;1.0;0.0;0.0;United States;07/10/1988;129;61100000.0;22000000.0;7.0;74.0;82.0;10
2001;Director;Gosford Park;Robert Altman;0.0;1.0;0.0;0.0;United Kingdom;18/01/2002;137;87800000.0;19800000.0;7.3;78.0;86.0;1
2001;Original Screenplay;Gosford Park;Julian Fellowes;0.0;0.0;0.0;1.0;United Kingdom;18/01/2002;137;87800000.0;19800000.0;7.3;78.0;86.0;1
2001;Picture;Gosford Park;Gosford Park;0.0;0.0;1.0;0.0;United Kingdom;18/01/2002;137;87800000.0;19800000.0;7.3;78.0;86.0;1
2013;Director;Gravity;Alfonso Cuarn;1.0;1.0;1.0;1.0;United Kingdom;04/10/2013;91;723200000.0;100000000.0;7.8;80.0;96.0;10
1986;Director;Hannah and Her Sisters;Woody Allen;1.0;0.0;0.0;0.0;United States;14/03/1986;106;40100000.0;6400000.0;8.0;90.0;93.0;3
1986;Original Screenplay;Hannah and Her Sisters;Woody Allen;1.0;0.0;0.0;1.0;United States;14/03/1986;106;40100000.0;6400000.0;8.0;90.0;93.0;3
1986;Picture;Hannah and Her Sisters;Hannah and Her Sisters;0.0;1.0;0.0;0.0;United States;14/03/1986;106;40100000.0;6400000.0;8.0;90.0;93.0;3
1986;Supporting Actor;Hannah and Her Sisters;Michael Caine;0.0;0.0;0.0;1.0;United States;14/03/1986;106;40100000.0;6400000.0;8.0;90.0;93.0;3
1986;Supporting Actress;Hannah and Her Sisters;Dianne Wiest;0.0;0.0;0.0;1.0;United States;14/03/1986;106;40100000.0;6400000.0;8.0;90.0;93.0;3
1989;Director;Henry V;Kenneth Branagh;1.0;0.0;0.0;0.0;United Kingdom;08/11/1989;137;10200000.0;9000000.0;7.7;89.0;100.0;11
2013;Original Screenplay;Her;Spike Jonze;0.0;1.0;0.0;1.0;United States;10/01/2014;126;48800000.0;23000000.0;8.0;82.0;95.0;1
2016;Picture;Hidden Figures;Hidden Figures;0.0;0.0;1.0;0.0;United States;06/01/2017;127;169100000.0;25000000.0;7.9;94.0;92.0;1
1987;Picture;Hope and Glory;Hope and Glory;0.0;1.0;0.0;0.0;United Kingdom;19/02/1988;113;10000000.0;9300000.0;7.4;83.0;94.0;2
1992;Actress;Howards End;Emma Thompson;1.0;1.0;0.0;1.0;United Kingdom;26/02/1993;140;26100000.0;8000000.0;7.5;82.0;92.0;2
1992;Adapted Screenplay;Howards End;Ruth Prawer Jhabvala;0.0;0.0;0.0;1.0;United Kingdom;26/02/1993;140;26100000.0;8000000.0;7.5;82.0;92.0;2
1992;Picture;Howards End;Howards End;1.0;0.0;0.0;0.0;United Kingdom;26/02/1993;140;26100000.0;8000000.0;7.5;82.0;92.0;2
2011;Director;Hugo;Martin Scorsese;0.0;1.0;0.0;0.0;France;23/11/2011;126;185800000.0;150000000.0;7.5;78.0;94.0;11
1992;Original Screenplay;Husbands and Wives;Woody Allen;1.0;0.0;0.0;0.0;United States;18/09/1992;103;10555619.0;20000000.0;7.6;87.0;97.0;9
1995;Director;Il Postino: The Postman;Michael Radford;1.0;0.0;0.0;0.0;Italy;22/03/1996;108;21848932.0;3000000.0;7.8;94.0;93.0;3
2007;Supporting Actress;I'm Not There;Cate Blanchett;0.0;1.0;0.0;0.0;United States;07/12/2007;135;11700000.0;20000000.0;7.0;69.0;76.0;12
2008;Original Screenplay;In Bruges;Martin McDonagh;1.0;0.0;0.0;0.0;United Kingdom;29/02/2008;107;34500000.0;15000000.0;8.0;86.0;84.0;2
2001;Actress;In the Bedroom;Sissy Spacek;0.0;1.0;0.0;0.0;United States;08/02/2002;131;43400000.0;1700000.0;7.5;81.0;93.0;2
2009;Picture;Inglourious Basterds;Inglourious Basterds;0.0;0.0;1.0;0.0;United States;21/08/2009;153;321500000.0;70000000.0;8.3;87.0;89.0;8
2009;Supporting Actor;Inglourious Basterds;Christoph Waltz;1.0;1.0;1.0;1.0;United States;21/08/2009;153;321500000.0;70000000.0;8.3;87.0;89.0;8
2001;Actress;Iris;Judi Dench;1.0;0.0;0.0;0.0;United Kingdom;29/03/2002;90;16200000.0;5500000.0;7.1;74.0;79.0;3
2001;Supporting Actor;Iris;Jim Broadbent;0.0;1.0;0.0;1.0;United Kingdom;29/03/2002;90;16200000.0;5500000.0;7.1;74.0;79.0;3
1996;Actor;Jerry Maguire;Tom Cruise;0.0;1.0;0.0;0.0;United States;13/12/1996;138;273600000.0;50000000.0;7.3;79.0;82.0;12
1996;Supporting Actor;Jerry Maguire;Cuba Gooding Jr.;0.0;0.0;1.0;1.0;United States;13/12/1996;138;273600000.0;50000000.0;7.3;79.0;82.0;12
1991;Director;JFK;Oliver Stone;0.0;1.0;0.0;0.0;United States;20/12/1991;188;205400000.0;40000000.0;8.0;88.0;84.0;12
2015;Actress;Joy;Jennifer Lawrence;0.0;1.0;0.0;0.0;United States;25/12/2015;124;101100000.0;60000000.0;6.6;57.0;60.0;12
2009;Actress;Julie and Julia;Meryl Streep;0.0;1.0;0.0;0.0;United States;07/08/2009;123;129500000.0;40000000.0;7.0;70.0;76.0;8
2007;Original Screenplay;Juno;Diablo Cody;1.0;0.0;0.0;1.0;United States;25/12/2007;96;231400000.0;;7.5;88.0;94.0;12
1985;Actor;Kiss of the Spider Woman;William Hurt;1.0;0.0;0.0;1.0;Brazil;26/07/1985;121;17005229.0;;7.4;81.0;88.0;7
1997;Adapted Screenplay;L.A. Confidential;Curtis Hanson;0.0;0.0;0.0;1.0;United States;01/09/2003;138;126200000.0;35000000.0;7.3;94.0;99.0;9
1997;Supporting Actress;L.A. Confidential;Kim Basinger;0.0;1.0;1.0;1.0;United States;01/09/2003;138;126200000.0;35000000.0;7.3;94.0;99.0;9
2016;Actor;La La Land;Ryan Gosling;0.0;1.0;0.0;0.0;United States;25/12/2016;128;341100000.0;30000000.0;8.5;85.0;93.0;12
2016;Actress;La La Land;Emma Stone;1.0;1.0;1.0;0.0;United States;25/12/2016;128;341100000.0;30000000.0;8.5;85.0;93.0;12
2016;Director;La La Land;Damien Chazelle;1.0;1.0;1.0;0.0;United States;25/12/2016;128;341100000.0;30000000.0;8.5;85.0;93.0;12
2016;Original Screenplay;La La Land;Damien Chazelle;0.0;1.0;0.0;0.0;United States;25/12/2016;128;341100000.0;30000000.0;8.5;85.0;93.0;12
2016;Picture;La La Land;La La Land;1.0;1.0;0.0;0.0;United States;25/12/2016;128;341100000.0;30000000.0;8.5;85.0;93.0;12
2007;Actress;La Vie en Rose;Marion Cotillard;1.0;1.0;0.0;1.0;France;20/07/2007;140;86300000.0;25000000.0;7.6;84.0;74.0;7
1995;Actor;Leaving Las Vegas;Nicolas Cage;0.0;1.0;1.0;1.0;United States;09/02/1996;112;32029928.0;3600000.0;7.6;85.0;90.0;2
2012;Actor;Les Misrables;Hugh Jackman;0.0;1.0;0.0;0.0;United Kingdom;25/12/2012;158;441800000.0;61000000.0;7.6;79.0;69.0;12
2012;Picture;Les Misrables;Les Misrables;0.0;1.0;0.0;0.0;United Kingdom;25/12/2012;158;441800000.0;61000000.0;7.6;79.0;69.0;12
2012;Supporting Actress;Les Misrables;Anne Hathaway;1.0;1.0;1.0;1.0;United Kingdom;25/12/2012;158;441800000.0;61000000.0;7.6;79.0;69.0;12
1998;Actor;Life Is Beautiful;Roberto Benigni;0.0;0.0;1.0;1.0;Italy;12/02/1999;116;229200000.0;20000000.0;8.6;96.0;80.0;2
2012;Director;Life of Pi;Ang Lee;0.0;0.0;0.0;1.0;United States;21/11/2012;127;609000000.0;120000000.0;7.9;84.0;87.0;11
2012;Actor;Lincoln;Daniel Day-Lewis;1.0;1.0;1.0;1.0;United States;16/11/2012;150;275300000.0;65000000.0;7.4;80.0;90.0;11
2012;Supporting Actor;Lincoln;Tommy Lee Jones;0.0;0.0;1.0;0.0;United States;16/11/2012;150;275300000.0;65000000.0;7.4;80.0;90.0;11
2016;Adapted Screenplay;Lion;Luke Davies;1.0;0.0;0.0;0.0;Australia;06/01/2017;118;76300000.0;12000000.0;8.0;93.0;86.0;1
2016;Supporting Actor;Lion;Dev Patel;1.0;0.0;0.0;0.0;Australia;06/01/2017;118;76300000.0;12000000.0;8.0;93.0;86.0;1
2006;Original Screenplay;Little Miss Sunshine;Michael Arndt;1.0;0.0;0.0;1.0;United States;18/08/2006;101;100500000.0;8000000.0;7.8;91.0;91.0;8
2006;Picture;Little Miss Sunshine;Little Miss Sunshine;0.0;0.0;1.0;0.0;United States;18/08/2006;101;100500000.0;8000000.0;7.8;91.0;91.0;8
2006;Supporting Actor;Little Miss Sunshine;Alan Arkin;1.0;0.0;0.0;1.0;United States;18/08/2006;101;100500000.0;8000000.0;7.8;91.0;91.0;8
1990;Supporting Actor;Longtime Companion;Bruce Davison;0.0;1.0;0.0;0.0;United States;01/05/1990;96;4609953.0;3000000.0;7.5;82.0;100.0;5
2003;Actor;Lost in Translation;Bill Murray;1.0;1.0;0.0;0.0;United States;03/10/2003;101;119700000.0;4000000.0;7.8;86.0;95.0;10
2003;Original Screenplay;Lost in Translation;Sofia Coppola;0.0;1.0;0.0;1.0;United States;03/10/2003;101;119700000.0;4000000.0;7.8;86.0;95.0;10
2003;Picture;Lost in Translation;Lost in Translation;0.0;1.0;0.0;0.0;United States;03/10/2003;101;119700000.0;4000000.0;7.8;86.0;95.0;10
1999;Supporting Actor;Magnolia;Tom Cruise;0.0;1.0;0.0;0.0;United States;07/01/2000;188;48500000.0;37000000.0;8.0;89.0;84.0;1
2016;Actor;Manchester by the Sea;Casey Affleck;1.0;1.0;0.0;0.0;United States;16/12/2016;137;60700000.0;8500000.0;8.1;81.0;96.0;12
2016;Original Screenplay;Manchester by the Sea;Kenneth Lonergan;1.0;0.0;0.0;0.0;United States;16/12/2016;137;60700000.0;8500000.0;8.1;81.0;96.0;12
2003;Director;Master and Commander: The Far Side of the World;Peter Weir;1.0;0.0;0.0;0.0;United States;14/11/2003;138;212000000.0;150000000.0;7.4;80.0;85.0;11
1980;Original Screenplay;Melvin and Howard;Bo Goldman;0.0;0.0;0.0;1.0;United States;19/09/1980;95;4309490.0;;6.9;61.0;94.0;9
1980;Supporting Actress;Melvin and Howard;Mary Steenburgen;0.0;1.0;0.0;1.0;United States;19/09/1980;95;4309490.0;;6.9;61.0;94.0;9
2007;Supporting Actress;Michael Clayton;Tilda Swinton;1.0;0.0;0.0;1.0;United States;12/10/2007;119;92900000.0;25000000.0;7.3;69.0;90.0;10
2011;Original Screenplay;Midnight in Paris;Woody Allen;0.0;1.0;0.0;1.0;United States;10/06/2011;94;151100000.0;17000000.0;7.7;83.0;93.0;6
1995;Supporting Actress;Mighty Aphrodite;Mira Sorvino;0.0;1.0;0.0;1.0;United States;10/11/1995;95;26000000.0;15000000.0;7.1;73.0;77.0;11
2008;Actor;Milk;Sean Penn;0.0;0.0;1.0;1.0;United States;30/01/2009;128;54600000.0;20000000.0;7.6;89.0;94.0;1
2008;Original Screenplay;Milk;Dustin Lance Black;0.0;0.0;0.0;1.0;United States;30/01/2009;128;54600000.0;20000000.0;7.6;89.0;94.0;1
2004;Actress;Million Dollar Baby;Hilary Swank;0.0;1.0;1.0;1.0;United States;28/01/2005;132;216800000.0;30000000.0;8.1;90.0;91.0;1
2004;Director;Million Dollar Baby;Clint Eastwood;0.0;1.0;1.0;1.0;United States;28/01/2005;132;216800000.0;30000000.0;8.1;90.0;91.0;1
2004;Picture;Million Dollar Baby;Million Dollar Baby;0.0;0.0;0.0;1.0;United States;28/01/2005;132;216800000.0;30000000.0;8.1;90.0;91.0;1
2004;Supporting Actor;Million Dollar Baby;Morgan Freeman;0.0;0.0;1.0;1.0;United States;28/01/2005;132;216800000.0;30000000.0;8.1;90.0;91.0;1
1990;Actress;Misery;Kathy Bates;0.0;1.0;0.0;1.0;United States;30/11/1990;107;61300000.0;20000000.0;7.8;89.0;89.0;11
1982;Adapted Screenplay;Missing;Costa-Gavras;0.0;0.0;0.0;1.0;United States;12/03/1982;122;1416000000.0;5000000.0;7.8;85.0;97.0;3
1986;Actor;Mona Lisa;Bob Hoskins;1.0;1.0;0.0;0.0;United Kingdom;13/06/1986;104;;2000000.0;7.4;81.0;97.0;6
2003;Actress;Monster;Charlize Theron;0.0;1.0;1.0;1.0;United States;30/01/2004;109;60400000.0;8000000.0;7.3;49.0;60.0;1
2001;Actress;Monster's Ball;Halle Berry;0.0;0.0;1.0;1.0;United States;01/03/2002;111;44909486.0;4000000.0;7.1;67.0;85.0;3
2016;Picture;Moonlight;Moonlight;0.0;1.0;0.0;0.0;United States;18/11/2016;111;23300000.0;5000000.0;7.9;86.0;98.0;11
2016;Supporting Actor;Moonlight;Mahershala Ali;0.0;0.0;1.0;0.0;United States;18/11/2016;111;23300000.0;5000000.0;7.9;86.0;98.0;11
1987;Actress;Moonstruck;Cher;0.0;1.0;0.0;1.0;United States;15/01/1988;102;91640528.0;15000000.0;7.1;80.0;92.0;1
1987;Original Screenplay;Moonstruck;John Patrick Shanley;0.0;0.0;0.0;1.0;United States;15/01/1988;102;91640528.0;15000000.0;7.1;80.0;92.0;1
1987;Supporting Actress;Moonstruck;Olympia Dukakis;0.0;1.0;0.0;1.0;United States;15/01/1988;102;91640528.0;15000000.0;7.1;80.0;92.0;1
2001;Actress;Moulin Rouge!;Nicole Kidman;0.0;1.0;0.0;0.0;Australia;01/06/2001;128;179200000.0;52000000.0;7.6;89.0;76.0;6
2001;Picture;Moulin Rouge!;Moulin Rouge!;0.0;1.0;0.0;0.0;Australia;01/06/2001;128;179200000.0;52000000.0;7.6;89.0;76.0;6
1997;Actress;Mrs Brown;Judi Dench;1.0;0.0;0.0;0.0;United Kingdom;03/10/1997;103;9229808.0;;7.3;78.0;94.0;10
1992;Supporting Actress;My Cousin Vinny;Marisa Tomei;0.0;0.0;0.0;1.0;United States;13/03/1992;119;64100000.0;11000000.0;7.5;87.0;85.0;3
1989;Actor;My Left Foot;Daniel Day-Lewis;1.0;0.0;0.0;1.0;Ireland;30/03/1990;103;14700000.0;600000.0;7.9;92.0;97.0;3
1989;Supporting Actress;My Left Foot;Brenda Fricker;0.0;0.0;0.0;1.0;Ireland;30/03/1990;103;14700000.0;600000.0;7.9;92.0;97.0;3
2011;Actress;My Week with Marilyn;Michelle Williams;0.0;1.0;0.0;0.0;United Kingdom;23/12/2011;101;35000000.0;6400000.0;7.0;71.0;83.0;12
2003;Actor;Mystic River;Sean Penn;0.0;1.0;0.0;1.0;United States;15/10/2003;137;156800000.0;30000000.0;8.0;89.0;87.0;10
2003;Supporting Actor;Mystic River;Tim Robbins;0.0;1.0;1.0;1.0;United States;15/10/2003;137;156800000.0;30000000.0;8.0;89.0;87.0;10
1994;Actress;Nell;Jodie Foster;0.0;0.0;1.0;0.0;United States;23/12/1994;113;106700000.0;31000000.0;6.5;64.0;53.0;12
2007;Adapted Screenplay;No Country for Old Men;Joel Coen Ethan Coen;0.0;0.0;0.0;1.0;United States;21/11/2007;122;171600000.0;25000000.0;8.1;86.0;93.0;11
2007;Director;No Country for Old Men;Joel Coen;0.0;0.0;0.0;1.0;United States;21/11/2007;122;171600000.0;25000000.0;8.1;86.0;93.0;11
2007;Picture;No Country for Old Men;No Country for Old Men;0.0;0.0;1.0;1.0;United States;21/11/2007;122;171600000.0;25000000.0;8.1;86.0;93.0;11
2007;Supporting Actor;No Country for Old Men;Javier Bardem;1.0;1.0;1.0;1.0;United States;21/11/2007;122;171600000.0;25000000.0;8.1;86.0;93.0;11
1981;Actor;On Golden Pond;Henry Fonda;0.0;1.0;0.0;1.0;United States;12/02/1982;109;119300000.0;15000000.0;7.7;87.0;92.0;2
1981;Actress;On Golden Pond;Katharine Hepburn;0.0;0.0;0.0;1.0;United States;12/02/1982;109;119300000.0;15000000.0;7.7;87.0;92.0;2
1981;Adapted Screenplay;On Golden Pond;Ernest Thompson;0.0;1.0;0.0;1.0;United States;12/02/1982;109;119300000.0;15000000.0;7.7;87.0;92.0;2
1981;Picture;On Golden Pond;On Golden Pond;0.0;1.0;0.0;0.0;United States;12/02/1982;109;119300000.0;15000000.0;7.7;87.0;92.0;2
1981;Supporting Actress;Only When I Laugh;Joan Hackett;0.0;1.0;0.0;0.0;United States;25/09/1981;120;25524778.0;;6.5;40.0;50.0;9
1980;Actress;Ordinary People;Mary Tyler Moore;0.0;1.0;0.0;0.0;United States;26/02/1981;124;54800000.0;6000000.0;7.8;88.0;90.0;2
1980;Adapted Screenplay;Ordinary People;Alvin Sargent;0.0;0.0;0.0;1.0;United States;26/02/1981;124;54800000.0;6000000.0;7.8;88.0;90.0;2
1980;Director;Ordinary People;Robert Redford;0.0;1.0;0.0;1.0;United States;26/02/1981;124;54800000.0;6000000.0;7.8;88.0;90.0;2
1980;Picture;Ordinary People;Ordinary People;0.0;1.0;0.0;1.0;United States;26/02/1981;124;54800000.0;6000000.0;7.8;88.0;90.0;2
1980;Supporting Actor;Ordinary People;Timothy Hutton;0.0;0.0;0.0;1.0;United States;26/02/1981;124;54800000.0;6000000.0;7.8;88.0;90.0;2
1985;Adapted Screenplay;Out of Africa;Kurt Luedtke;0.0;0.0;0.0;1.0;United States;20/12/1985;161;128500000.0;28000000.0;7.2;83.0;56.0;12
1985;Director;Out of Africa;Sydney Pollack;0.0;0.0;0.0;1.0;United States;20/12/1985;161;128500000.0;28000000.0;7.2;83.0;56.0;12
1985;Picture;Out of Africa;Out of Africa;0.0;1.0;0.0;1.0;United States;20/12/1985;161;128500000.0;28000000.0;7.2;83.0;56.0;12
1985;Supporting Actor;Out of Africa;Klaus Maria Brandauer;0.0;1.0;0.0;0.0;United States;20/12/1985;161;128500000.0;28000000.0;7.2;83.0;56.0;12
1993;Actor;Philadelphia;Tom Hanks;0.0;1.0;0.0;1.0;United States;14/01/1994;126;206700000.0;26000000.0;7.7;89.0;78.0;1
2013;Adapted Screenplay;Philomena;Steve Coogan;1.0;0.0;0.0;0.0;United Kingdom;27/11/2013;98;100100000.0;12000000.0;7.6;89.0;92.0;11
2003;Actor;Pirates of the Caribbean: The Curse of the Black Pearl;Johnny Depp;0.0;0.0;1.0;0.0;United States;09/07/2003;143;654300000.0;140000000.0;8.0;86.0;79.0;7
1984;Actress;Places in the Heart;Sally Field;0.0;1.0;0.0;1.0;United States;05/10/1984;102;34901614.0;9500000.0;7.3;82.0;96.0;10
1984;Original Screenplay;Places in the Heart;Robert Benton;0.0;0.0;0.0;1.0;United States;05/10/1984;102;34901614.0;9500000.0;7.3;82.0;96.0;10
1986;Director;Platoon;Oliver Stone;0.0;1.0;0.0;1.0;United States;06/02/1987;120;138500000.0;6000000.0;8.1;93.0;88.0;2
1986;Picture;Platoon;Platoon;0.0;1.0;0.0;1.0;United States;06/02/1987;120;138500000.0;6000000.0;8.1;93.0;88.0;2
1986;Supporting Actor;Platoon;Tom Berenger;0.0;1.0;0.0;0.0;United States;06/02/1987;120;138500000.0;6000000.0;8.1;93.0;88.0;2
2000;Supporting Actress;Pollock;Marcia Gay Harden;0.0;0.0;0.0;1.0;United States;23/03/2001;122;10558970.0;;7.0;74.0;81.0;3
2009;Supporting Actress;Precious;Mo'Nique;1.0;1.0;1.0;1.0;United States;20/11/2009;110;63600000.0;10000000.0;7.3;81.0;91.0;11
2009;Adapted Screenplay;Precious: Based on the Novel Push by Sapphire;Geoffrey Fletcher;0.0;0.0;0.0;1.0;United States;20/11/2009;110;63600000.0;10000000.0;7.3;81.0;91.0;11
1990;Actress;Pretty Woman;Julia Roberts;0.0;1.0;0.0;0.0;United States;23/03/1990;119;463400000.0;14000000.0;6.9;68.0;61.0;3
1996;Supporting Actor;Primal Fear;Edward Norton;0.0;1.0;0.0;0.0;United States;03/04/1996;130;102600000.0;30000000.0;7.7;89.0;74.0;4
1998;Adapted Screenplay;Primary Colors;Elaine May;1.0;0.0;0.0;0.0;United States;20/03/1998;143;52100000.0;65000000.0;6.7;64.0;80.0;3
1998;Supporting Actress;Primary Colors;Kathy Bates;0.0;0.0;1.0;0.0;United States;20/03/1998;143;52100000.0;65000000.0;6.7;64.0;80.0;3
1985;Actor;Prizzi's Honor;Jack Nicholson;0.0;1.0;0.0;0.0;United States;14/06/1985;130;26657534.0;16000000.0;6.8;62.0;88.0;6
1985;Adapted Screenplay;Prizzi's Honor;Richard Condon;1.0;0.0;0.0;0.0;United States;14/06/1985;130;26657534.0;16000000.0;6.8;62.0;88.0;6
1985;Director;Prizzi's Honor;John Huston;0.0;1.0;0.0;0.0;United States;14/06/1985;130;26657534.0;16000000.0;6.8;62.0;88.0;6
1985;Picture;Prizzi's Honor;Prizzi's Honor;0.0;1.0;0.0;0.0;United States;14/06/1985;130;26657534.0;16000000.0;6.8;62.0;88.0;6
1985;Supporting Actress;Prizzi's Honor;Anjelica Huston;0.0;0.0;0.0;1.0;United States;14/06/1985;130;26657534.0;16000000.0;6.8;62.0;88.0;6
1994;Original Screenplay;Pulp Fiction;Quentin Tarantino;1.0;1.0;0.0;1.0;United States;14/10/1994;154;213900000.0;88500000.0;8.9;96.0;94.0;10
1994;Supporting Actor;Pulp Fiction;Samuel L. Jackson;1.0;0.0;0.0;0.0;United States;14/10/1994;154;213900000.0;88500000.0;8.9;96.0;94.0;10
1994;Adapted Screenplay;Quiz Show;Paul Attanasio;1.0;0.0;0.0;0.0;United States;07/10/1994;133;24800000.0;31000000.0;7.5;87.0;96.0;10
1980;Actor;Raging Bull;Robert De Niro;0.0;1.0;0.0;1.0;United States;19/12/1980;129;23400000.0;18000000.0;8.2;93.0;97.0;12
1988;Actor;Rain Man;Dustin Hoffman;0.0;1.0;0.0;1.0;United States;16/12/1988;133;354800000.0;25000000.0;8.0;90.0;90.0;12
1988;Director;Rain Man;Barry Levinson;0.0;0.0;0.0;1.0;United States;16/12/1988;133;354800000.0;25000000.0;8.0;90.0;90.0;12
1988;Original Screenplay;Rain Man;Ronald Bass;0.0;0.0;0.0;1.0;United States;16/12/1988;133;354800000.0;25000000.0;8.0;90.0;90.0;12
1988;Picture;Rain Man;Rain Man;0.0;1.0;0.0;1.0;United States;16/12/1988;133;354800000.0;25000000.0;8.0;90.0;90.0;12
2004;Actor;Ray;Jamie Foxx;1.0;1.0;1.0;1.0;United States;29/10/2004;152;124700000.0;40000000.0;7.7;87.0;81.0;10
1981;Director;Reds;Warren Beatty;0.0;1.0;0.0;1.0;United States;25/12/1981;195;40400000.0;32000000.0;7.5;82.0;94.0;12
1981;Supporting Actress;Reds;Maureen Stapleton;0.0;0.0;0.0;1.0;United States;25/12/1981;195;40400000.0;32000000.0;7.5;82.0;94.0;12
1990;Actor;Reversal of Fortune;Jeremy Irons;0.0;1.0;0.0;1.0;United States;09/11/1990;111;15400000.0;;7.3;77.0;94.0;11
1995;Supporting Actor;Rob Roy;Tim Roth;1.0;0.0;0.0;0.0;United States;14/04/1995;139;31600000.0;;6.9;75.0;72.0;4
2015;Actress;Room;Brie Larson;1.0;1.0;1.0;1.0;Canada;22/01/2016;118;36200000.0;13000000.0;8.2;93.0;94.0;1
1985;Actor;Runaway Train;Jon Voight;0.0;1.0;0.0;0.0;United States;17/01/1986;110;7700000.0;9000000.0;7.3;76.0;87.0;1
1988;Original Screenplay;Running on Empty;Naomi Foner;0.0;1.0;0.0;0.0;United States;09/09/1988;111;2835116.0;3000000.0;7.7;68.0;85.0;9
1998;Director;Saving Private Ryan;Steven Spielberg;0.0;1.0;1.0;1.0;United States;24/07/1998;169;481800000.0;70000000.0;8.6;95.0;92.0;7
1998;Picture;Saving Private Ryan;Saving Private Ryan;0.0;1.0;0.0;0.0;United States;24/07/1998;169;481800000.0;70000000.0;8.6;95.0;92.0;7
1992;Actor;Scent of a Woman;Al Pacino;0.0;1.0;0.0;1.0;United States;08/01/1993;156;134100000.0;31000000.0;8.0;92.0;88.0;1
1992;Adapted Screenplay;Scent of a Woman;Bo Goldman;0.0;1.0;0.0;0.0;United States;08/01/1993;156;134100000.0;31000000.0;8.0;92.0;88.0;1
1992;Picture;Scent of a Woman;Scent of a Woman;0.0;1.0;0.0;0.0;United States;08/01/1993;156;134100000.0;31000000.0;8.0;92.0;88.0;1
1993;Adapted Screenplay;Schindler's List;Steven Zaillian;1.0;1.0;0.0;1.0;United States;04/02/1994;197;321200000.0;22000000.0;8.9;97.0;96.0;2
1993;Director;Schindler's List;Steven Spielberg;1.0;1.0;1.0;1.0;United States;04/02/1994;197;321200000.0;22000000.0;8.9;97.0;96.0;2
1993;Picture;Schindler's List;Schindler's List;1.0;1.0;0.0;1.0;United States;04/02/1994;197;321200000.0;22000000.0;8.9;97.0;96.0;2
1993;Supporting Actor;Schindler's List;Ralph Fiennes;1.0;0.0;0.0;0.0;United States;04/02/1994;197;321200000.0;22000000.0;8.9;97.0;96.0;2
1996;Actress;Secrets and Lies;Brenda Blethyn;1.0;1.0;0.0;0.0;United Kingdom;28/02/1997;142;13417292.0;4500000.0;8.0;91.0;94.0;2
1996;Original Screenplay;Secrets and Lies;Mike Leigh;1.0;0.0;0.0;0.0;United Kingdom;28/02/1997;142;13417292.0;4500000.0;8.0;91.0;94.0;2
1995;Actress;Sense and Sensibility;Emma Thompson;1.0;0.0;0.0;0.0;United Kingdom;26/01/1996;136;134993774.0;16000000.0;7.7;90.0;98.0;1
1995;Adapted Screenplay;Sense and Sensibility;Emma Thompson;0.0;1.0;0.0;1.0;United Kingdom;26/01/1996;136;134993774.0;16000000.0;7.7;90.0;98.0;1
1995;Picture;Sense and Sensibility;Sense and Sensibility;1.0;1.0;0.0;0.0;United Kingdom;26/01/1996;136;134993774.0;16000000.0;7.7;90.0;98.0;1
1995;Supporting Actress;Sense and Sensibility;Kate Winslet;1.0;0.0;1.0;0.0;United Kingdom;26/01/1996;136;134993774.0;16000000.0;7.7;90.0;98.0;1
1998;Actress;Shakespeare in Love;Gwyneth Paltrow;0.0;1.0;1.0;1.0;United States;08/01/1999;123;289300000.0;25000000.0;7.2;80.0;92.0;1
1998;Original Screenplay;Shakespeare in Love;Marc Norman;0.0;1.0;0.0;1.0;United States;08/01/1999;123;289300000.0;25000000.0;7.2;80.0;92.0;1
1998;Picture;Shakespeare in Love;Shakespeare in Love;1.0;1.0;1.0;1.0;United States;08/01/1999;123;289300000.0;25000000.0;7.2;80.0;92.0;1
1998;Supporting Actress;Shakespeare in Love;Judi Dench;1.0;0.0;0.0;1.0;United States;08/01/1999;123;289300000.0;25000000.0;7.2;80.0;92.0;1
1996;Actor;Shine;Geoffrey Rush;1.0;1.0;1.0;1.0;Australia;14/02/1997;105;35900000.0;6000000.0;7.7;90.0;91.0;2
1989;Actress;Shirley Valentine;Pauline Collins;1.0;0.0;0.0;0.0;United Kingdom;30/08/1989;108;6353913.0;;7.2;86.0;67.0;8
2001;Adapted Screenplay;Shrek;Ted Elliott;1.0;0.0;0.0;0.0;United States;18/05/2001;90;484400000.0;60000000.0;7.9;90.0;88.0;5
2004;Adapted Screenplay;Sideways;Alexander Payne;1.0;1.0;0.0;1.0;United States;21/01/2005;123;109700000.0;16000000.0;7.5;78.0;96.0;1
2004;Picture;Sideways;Sideways;0.0;1.0;1.0;0.0;United States;21/01/2005;123;109700000.0;16000000.0;7.5;78.0;96.0;1
1983;Supporting Actress;Silkwood;Cher;0.0;1.0;0.0;0.0;United States;27/01/1984;131;35615609.0;10000000.0;7.2;78.0;75.0;1
2012;Actress;Silver Linings Playbook;Jennifer Lawrence;0.0;1.0;1.0;1.0;United States;25/12/2012;122;236400000.0;21000000.0;7.8;86.0;92.0;12
2012;Adapted Screenplay;Silver Linings Playbook;David O. Russell;1.0;0.0;0.0;0.0;United States;25/12/2012;122;236400000.0;21000000.0;7.8;86.0;92.0;12
1996;Adapted Screenplay;Sling Blade;Billy Bob Thornton;0.0;0.0;0.0;1.0;United States;14/03/1997;135;24400000.0;1000000.0;8.0;93.0;96.0;3
2008;Adapted Screenplay;Slumdog Millionaire;Simon Beaufoy;1.0;1.0;0.0;1.0;United Kingdom;25/12/2008;120;377900000.0;15000000.0;8.0;90.0;92.0;12
2008;Director;Slumdog Millionaire;Danny Boyle;1.0;1.0;1.0;1.0;United Kingdom;25/12/2008;120;377900000.0;15000000.0;8.0;90.0;92.0;12
2008;Picture;Slumdog Millionaire;Slumdog Millionaire;1.0;1.0;1.0;1.0;United Kingdom;25/12/2008;120;377900000.0;15000000.0;8.0;90.0;92.0;12
2003;Actress;Something's Gotta Give;Diane Keaton;0.0;1.0;0.0;0.0;United States;12/12/2003;128;266728738.0;80000000.0;6.7;69.0;71.0;12
1982;Actress;Sophie's Choice;Meryl Streep;0.0;1.0;0.0;1.0;United States;04/03/1983;151;30036000.0;9000000.0;7.7;85.0;79.0;3
2015;Original Screenplay;Spotlight;Tom McCarthy;1.0;0.0;0.0;1.0;United States;20/11/2015;129;88300000.0;20000000.0;8.1;93.0;96.0;11
2015;Picture;Spotlight;Spotlight;0.0;0.0;1.0;1.0;United States;20/11/2015;129;88300000.0;20000000.0;8.1;93.0;96.0;11
1989;Supporting Actress;Steel Magnolias;Julia Roberts;0.0;1.0;0.0;0.0;United States;22/11/1989;117;95900000.0;;7.2;89.0;69.0;11
2015;Supporting Actress;Steve Jobs;Kate Winslet;1.0;1.0;0.0;0.0;United States;23/10/2015;122;34400000.0;30000000.0;7.2;73.0;86.0;10
2014;Actress;Still Alice;Julianne Moore;1.0;1.0;1.0;1.0;United States;20/02/2015;101;43900000.0;5000000.0;7.5;85.0;88.0;2
2007;Actor;Sweeney Todd: The Demon Barber of Fleet Street;Johnny Depp;0.0;1.0;0.0;0.0;United Kingdom;21/12/2007;116;152500000.0;50000000.0;7.4;81.0;86.0;12
2005;Supporting Actor;Syriana;George Clooney;0.0;1.0;0.0;1.0;United States;09/12/2005;128;94000000.0;50000000.0;7.0;67.0;72.0;12
2002;Original Screenplay;Talk to Her;Pedro Almodvar;0.0;0.0;0.0;1.0;Spain;14/02/2003;112;51001550.0;;8.0;93.0;92.0;2
1983;Actor;Tender Mercies;Robert Duvall;0.0;1.0;0.0;1.0;United States;10/06/1983;92;8440000.0;4500000.0;7.4;82.0;85.0;6
1983;Original Screenplay;Tender Mercies;Horton Foote;0.0;0.0;0.0;1.0;United States;10/06/1983;92;8440000.0;4500000.0;7.4;82.0;85.0;6
1983;Actress;Terms of Endearment;Shirley MacLaine;0.0;1.0;0.0;1.0;United States;09/12/1983;132;108400000.0;8000000.0;7.4;84.0;88.0;12
1983;Adapted Screenplay;Terms of Endearment;James L. Brooks;0.0;1.0;0.0;1.0;United States;09/12/1983;132;108400000.0;8000000.0;7.4;84.0;88.0;12
1983;Director;Terms of Endearment;James L. Brooks;0.0;0.0;0.0;1.0;United States;09/12/1983;132;108400000.0;8000000.0;7.4;84.0;88.0;12
1983;Picture;Terms of Endearment;Terms of Endearment;0.0;1.0;0.0;1.0;United States;09/12/1983;132;108400000.0;8000000.0;7.4;84.0;88.0;12
1983;Supporting Actor;Terms of Endearment;Jack Nicholson;0.0;1.0;0.0;1.0;United States;09/12/1983;132;108400000.0;8000000.0;7.4;84.0;88.0;12
1988;Supporting Actress;The Accidental Tourist;Geena Davis;0.0;0.0;0.0;1.0;United States;06/01/1989;121;32632093.0;;6.8;60.0;79.0;1
1988;Actress;The Accused;Jodie Foster;0.0;1.0;0.0;1.0;Canada;14/10/1988;111;32078318.0;6000000.0;7.1;79.0;95.0;10
1993;Supporting Actress;The Age of Innocence;Winona Ryder;0.0;1.0;0.0;0.0;United States;01/10/1993;139;32300000.0;34000000.0;7.2;76.0;80.0;10
2011;Actor;The Artist;Jean Dujardin;1.0;1.0;1.0;1.0;France;20/01/2012;100;133400000.0;15000000.0;7.9;87.0;96.0;1
2011;Director;The Artist;Michel Hazanavicius;1.0;0.0;1.0;1.0;France;20/01/2012;100;133400000.0;15000000.0;7.9;87.0;96.0;1
2011;Original Screenplay;The Artist;Michel Hazanavicius;1.0;0.0;0.0;0.0;France;20/01/2012;100;133400000.0;15000000.0;7.9;87.0;96.0;1
2011;Picture;The Artist;The Artist;1.0;1.0;0.0;1.0;France;20/01/2012;100;133400000.0;15000000.0;7.9;87.0;96.0;1
2004;Actor;The Aviator;Leonardo DiCaprio;0.0;1.0;0.0;0.0;United States;25/12/2004;170;213700000.0;110000000.0;7.5;79.0;87.0;12
2004;Picture;The Aviator;The Aviator;1.0;1.0;0.0;0.0;United States;25/12/2004;170;213700000.0;110000000.0;7.5;79.0;87.0;12
2004;Supporting Actress;The Aviator;Cate Blanchett;1.0;0.0;1.0;1.0;United States;25/12/2004;170;213700000.0;110000000.0;7.5;79.0;87.0;12
2015;Adapted Screenplay;The Big Short;Adam McKay;1.0;0.0;0.0;1.0;United States;23/12/2015;130;133300000.0;28000000.0;7.8;88.0;88.0;12
2009;Actress;The Blind Side;Sandra Bullock;0.0;1.0;1.0;1.0;United States;20/11/2009;126;309200000.0;29000000.0;7.7;85.0;66.0;11
1999;Adapted Screenplay;The Cider House Rules;John Irving;0.0;0.0;0.0;1.0;United States;07/01/2000;125;88500000.0;24000000.0;7.4;77.0;71.0;1
1999;Supporting Actor;The Cider House Rules;Michael Caine;0.0;0.0;1.0;1.0;United States;07/01/2000;125;88500000.0;24000000.0;7.4;77.0;71.0;1
1994;Actress;The Client;Susan Sarandon;1.0;0.0;0.0;0.0;United States;20/07/1994;119;117615211.0;45000000.0;6.7;69.0;80.0;7
1986;Actor;The Color of Money;Paul Newman;0.0;0.0;0.0;1.0;United States;17/10/1986;120;52300000.0;13800000.0;7.0;73.0;89.0;10
1985;Actress;The Color Purple;Whoopi Goldberg;0.0;1.0;0.0;0.0;United States;07/02/1986;153;142000000.0;15000000.0;7.8;94.0;88.0;2
2005;Supporting Actress;The Constant Gardener;Rachel Weisz;0.0;1.0;1.0;1.0;United Kingdom;31/08/2005;129;82466670.0;25000000.0;7.5;82.0;84.0;8
1992;Original Screenplay;The Crying Game;Neil Jordan;0.0;0.0;0.0;1.0;Ireland;19/02/1993;111;62500000.0;2300000.0;7.3;78.0;97.0;2
2015;Supporting Actress;The Danish Girl;Alicia Vikander;0.0;0.0;1.0;1.0;United Kingdom;22/01/2016;119;64200000.0;15000000.0;7.0;73.0;69.0;1
2008;Supporting Actor;The Dark Knight;Heath Ledger;1.0;1.0;1.0;1.0;United Kingdom;18/07/2008;152;10050000.0;185000000.0;9.0;94.0;94.0;7
2006;Adapted Screenplay;The Departed;William Monahan;0.0;0.0;0.0;1.0;United States;06/10/2006;151;289800000.0;90000000.0;8.5;94.0;91.0;10
2006;Director;The Departed;Martin Scorsese;0.0;1.0;1.0;1.0;United States;06/10/2006;151;289800000.0;90000000.0;8.5;94.0;91.0;10
2006;Picture;The Departed;The Departed;0.0;0.0;0.0;1.0;United States;06/10/2006;151;289800000.0;90000000.0;8.5;94.0;91.0;10
2011;Actor;The Descendants;George Clooney;0.0;1.0;0.0;0.0;United States;09/12/2011;115;177200000.0;20000000.0;7.3;79.0;89.0;12
2011;Adapted Screenplay;The Descendants;Alexander Payne;0.0;0.0;0.0;1.0;United States;09/12/2011;115;177200000.0;20000000.0;7.3;79.0;89.0;12
2011;Picture;The Descendants;The Descendants;0.0;1.0;0.0;0.0;United States;09/12/2011;115;177200000.0;20000000.0;7.3;79.0;89.0;12
2006;Actress;The Devil Wears Prada;Meryl Streep;0.0;1.0;0.0;0.0;United States;30/06/2006;109;326500000.0;41000000.0;6.8;76.0;76.0;6
2007;Adapted Screenplay;The Diving Bell and the Butterfly;Ronald Harwood;1.0;0.0;0.0;0.0;France;01/02/2008;112;19800000.0;10800000.0;8.0;92.0;94.0;2
2007;Director;The Diving Bell and the Butterfly;Julian Schnabel;0.0;1.0;0.0;0.0;France;01/02/2008;112;19800000.0;10800000.0;8.0;92.0;94.0;2
1983;Actor;The Dresser;Tom Courtenay;0.0;1.0;0.0;0.0;United Kingdom;06/12/1983;118;5310748.0;;7.7;88.0;100.0;12
1980;Actor;The Elephant Man;John Hurt;1.0;0.0;0.0;0.0;United States;10/10/1980;124;26000000.0;5000000.0;8.2;93.0;90.0;10
1980;Picture;The Elephant Man;The Elephant Man;1.0;0.0;0.0;0.0;United States;10/10/1980;124;26000000.0;5000000.0;8.2;93.0;90.0;10
1996;Adapted Screenplay;The English Patient;Anthony Minghella;1.0;0.0;0.0;0.0;United Kingdom;06/12/1996;162;232000000.0;27000000.0;7.4;83.0;84.0;12
1996;Director;The English Patient;Anthony Minghella;0.0;0.0;1.0;1.0;United Kingdom;06/12/1996;162;232000000.0;27000000.0;7.4;83.0;84.0;12
1996;Picture;The English Patient;The English Patient;1.0;1.0;0.0;1.0;United Kingdom;06/12/1996;162;232000000.0;27000000.0;7.4;83.0;84.0;12
1996;Supporting Actress;The English Patient;Juliette Binoche;1.0;0.0;0.0;1.0;United Kingdom;06/12/1996;162;232000000.0;27000000.0;7.4;83.0;84.0;12
1989;Actress;The Fabulous Baker Boys;Michelle Pfeiffer;0.0;1.0;0.0;0.0;United States;13/10/1989;114;18428904.0;11500000.0;6.8;69.0;96.0;10
2010;Supporting Actor;The Fighter;Christian Bale;0.0;1.0;1.0;1.0;United States;17/12/2010;115;129200000.0;25000000.0;7.9;89.0;90.0;12
2010;Supporting Actress;The Fighter;Melissa Leo;0.0;1.0;1.0;1.0;United States;17/12/2010;115;129200000.0;25000000.0;7.9;89.0;90.0;12
1991;Actor;The Fisher King;Robin Williams;0.0;1.0;0.0;0.0;United States;27/09/1991;137;41900000.0;24000000.0;7.6;86.0;82.0;9
1991;Supporting Actress;The Fisher King;Mercedes Ruehl;0.0;1.0;0.0;1.0;United States;27/09/1991;137;41900000.0;24000000.0;7.6;86.0;82.0;9
1981;Actress;The French Lieutenant's Woman;Meryl Streep;1.0;1.0;0.0;0.0;United Kingdom;16/10/1981;127;26890068.0;8000000.0;7.0;68.0;76.0;10
1993;Supporting Actor;The Fugitive;Tommy Lee Jones;0.0;1.0;0.0;1.0;United States;06/08/1993;130;368900000.0;44000000.0;7.8;89.0;96.0;8
1997;Picture;The Full Monty;The Full Monty;1.0;0.0;1.0;0.0;United Kingdom;19/09/1997;91;258000000.0;3500000.0;7.2;79.0;95.0;9
2014;Original Screenplay;The Grand Budapest Hotel;Wes Anderson;1.0;0.0;0.0;0.0;United States;28/03/2014;100;174800000.0;23000000.0;8.1;86.0;92.0;3
2014;Picture;The Grand Budapest Hotel;The Grand Budapest Hotel;0.0;1.0;0.0;0.0;United States;28/03/2014;100;174800000.0;23000000.0;8.1;86.0;92.0;3
2011;Actress;The Help;Viola Davis;0.0;0.0;1.0;0.0;United States;10/08/2011;146;216600000.0;25000000.0;8.1;89.0;75.0;8
2011;Picture;The Help;The Help;0.0;0.0;1.0;0.0;United States;10/08/2011;146;216600000.0;25000000.0;8.1;89.0;75.0;8
2011;Supporting Actress;The Help;Octavia Spencer;1.0;1.0;1.0;1.0;United States;10/08/2011;146;216600000.0;25000000.0;8.1;89.0;75.0;8
2002;Actress;The Hours;Nicole Kidman;1.0;1.0;0.0;1.0;United Kingdom;14/02/2003;114;108800000.0;25000000.0;7.6;84.0;81.0;2
2002;Picture;The Hours;The Hours;0.0;1.0;0.0;0.0;United Kingdom;14/02/2003;114;108800000.0;25000000.0;7.6;84.0;81.0;2
1999;Actor;The Hurricane;Denzel Washington;0.0;1.0;0.0;0.0;United States;14/01/2000;145;74000000.0;50000000.0;7.6;87.0;83.0;1
2009;Director;The Hurt Locker;Kathryn Bigelow;1.0;0.0;1.0;1.0;United States;31/07/2009;131;49200000.0;15000000.0;7.6;84.0;98.0;7
2009;Original Screenplay;The Hurt Locker;Mark Boal;1.0;0.0;0.0;1.0;United States;31/07/2009;131;49200000.0;15000000.0;7.6;84.0;98.0;7
2009;Picture;The Hurt Locker;The Hurt Locker;1.0;0.0;0.0;1.0;United States;31/07/2009;131;49200000.0;15000000.0;7.6;84.0;98.0;7
2014;Adapted Screenplay;The Imitation Game;Graham Moore;0.0;0.0;0.0;1.0;United States;25/12/2014;114;233600000.0;14000000.0;8.1;91.0;90.0;12
2011;Actress;The Iron Lady;Meryl Streep;1.0;1.0;0.0;1.0;United Kingdom;13/01/2012;104;115000000.0;8200000.0;6.4;51.0;51.0;1
2010;Actress;The Kids Are All Right;Annette Bening;0.0;1.0;0.0;0.0;United States;30/07/2010;107;34700000.0;4000000.0;7.1;73.0;93.0;7
2010;Picture;The Kids Are All Right;The Kids Are All Right;0.0;1.0;0.0;0.0;United States;30/07/2010;107;34700000.0;4000000.0;7.1;73.0;93.0;7
1984;Adapted Screenplay;The Killing Fields;Bruce Robinson;1.0;0.0;0.0;0.0;United Kingdom;01/02/1985;141;34700291.0;14400000.0;7.9;92.0;93.0;2
1984;Picture;The Killing Fields;The Killing Fields;1.0;0.0;0.0;0.0;United Kingdom;01/02/1985;141;34700291.0;14400000.0;7.9;92.0;93.0;2
1984;Supporting Actor;The Killing Fields;Haing S. Ngor;0.0;1.0;0.0;1.0;United Kingdom;01/02/1985;141;34700291.0;14400000.0;7.9;92.0;93.0;2
2010;Actor;The King's Speech;Colin Firth;1.0;1.0;1.0;1.0;United Kingdom;25/12/2010;119;414200000.0;15000000.0;8.0;92.0;95.0;12
2010;Director;The King's Speech;Tom Hooper;0.0;0.0;1.0;1.0;United Kingdom;25/12/2010;119;414200000.0;15000000.0;8.0;92.0;95.0;12
2010;Original Screenplay;The King's Speech;David Seidler;1.0;0.0;0.0;1.0;United Kingdom;25/12/2010;119;414200000.0;15000000.0;8.0;92.0;95.0;12
2010;Picture;The King's Speech;The King's Speech;1.0;0.0;1.0;1.0;United Kingdom;25/12/2010;119;414200000.0;15000000.0;8.0;92.0;95.0;12
2010;Supporting Actor;The King's Speech;Geoffrey Rush;1.0;0.0;0.0;0.0;United Kingdom;25/12/2010;119;414200000.0;15000000.0;8.0;92.0;95.0;12
2010;Supporting Actress;The King's Speech;Helena Bonham Carter;1.0;0.0;0.0;0.0;United Kingdom;25/12/2010;119;414200000.0;15000000.0;8.0;92.0;95.0;12
1987;Adapted Screenplay;The Last Emperor;Bernardo Bertolucci;0.0;1.0;0.0;1.0;United Kingdom;15/04/1988;163;44000000.0;23800000.0;7.8;88.0;92.0;4
1987;Director;The Last Emperor;Bernardo Bertolucci;0.0;1.0;0.0;1.0;United Kingdom;15/04/1988;163;44000000.0;23800000.0;7.8;88.0;92.0;4
1987;Picture;The Last Emperor;The Last Emperor;0.0;1.0;0.0;1.0;United Kingdom;15/04/1988;163;44000000.0;23800000.0;7.8;88.0;92.0;4
2006;Actor;The Last King of Scotland;Forest Whitaker;1.0;1.0;1.0;1.0;United Kingdom;19/01/2007;123;48400000.0;6000000.0;7.7;89.0;87.0;1
2001;Director;The Lord of the Rings: The Fellowship of the Ring;Peter Jackson;1.0;0.0;0.0;0.0;New Zealand;19/12/2001;178;871500000.0;93000000.0;8.8;95.0;91.0;12
2001;Picture;The Lord of the Rings: The Fellowship of the Ring;The Lord of the Rings: The Fellowship of the Ring;1.0;0.0;0.0;0.0;New Zealand;19/12/2001;178;871500000.0;93000000.0;8.8;95.0;91.0;12
2001;Supporting Actor;The Lord of the Rings: The Fellowship of the Ring;Ian McKellen;0.0;0.0;1.0;0.0;New Zealand;19/12/2001;178;871500000.0;93000000.0;8.8;95.0;91.0;12
2003;Adapted Screenplay;The Lord of the Rings: The Return of the King;Fran Walsh;0.0;0.0;0.0;1.0;New Zealand;17/12/2003;200;11200000.0;94000000.0;8.9;86.0;95.0;12
2003;Director;The Lord of the Rings: The Return of the King;Peter Jackson;0.0;1.0;1.0;1.0;New Zealand;17/12/2003;200;11200000.0;94000000.0;8.9;86.0;95.0;12
2003;Picture;The Lord of the Rings: The Return of the King;The Lord of the Rings: The Return of the King;1.0;1.0;1.0;1.0;New Zealand;17/12/2003;200;11200000.0;94000000.0;8.9;86.0;95.0;12
2015;Actor;The Martian;Matt Damon;0.0;1.0;0.0;0.0;United States;02/10/2015;141;630200000.0;108000000.0;8.0;91.0;92.0;10
2015;Picture;The Martian;The Martian;0.0;1.0;0.0;0.0;United States;02/10/2015;141;630200000.0;108000000.0;8.0;91.0;92.0;10
1996;Supporting Actress;The Mirror Has Two Faces;Lauren Bacall;0.0;1.0;1.0;0.0;United States;15/11/1996;126;91610201.0;42000000.0;6.5;72.0;53.0;11
1996;Director;The People vs. Larry Flynt;Milo Forman;0.0;1.0;0.0;0.0;United States;10/01/1997;129;20300000.0;35000000.0;7.3;80.0;87.0;1
2002;Actor;The Pianist;Adrien Brody;0.0;0.0;0.0;1.0;France;28/03/2003;150;120100000.0;35000000.0;8.5;95.0;96.0;3
2002;Adapted Screenplay;The Pianist;Ronald Harwood;0.0;0.0;0.0;1.0;France;28/03/2003;150;120100000.0;35000000.0;8.5;95.0;96.0;3
2002;Director;The Pianist;Roman Polanski;1.0;0.0;0.0;1.0;France;28/03/2003;150;120100000.0;35000000.0;8.5;95.0;96.0;3
2002;Picture;The Pianist;The Pianist;1.0;0.0;0.0;0.0;France;28/03/2003;150;120100000.0;35000000.0;8.5;95.0;96.0;3
1993;Actress;The Piano;Holly Hunter;1.0;1.0;0.0;1.0;New Zealand;11/02/1994;117;140000000.0;7000000.0;7.6;86.0;90.0;2
1993;Original Screenplay;The Piano;Jane Campion;0.0;0.0;0.0;1.0;New Zealand;11/02/1994;117;140000000.0;7000000.0;7.6;86.0;90.0;2
1993;Supporting Actress;The Piano;Anna Paquin;0.0;0.0;0.0;1.0;New Zealand;11/02/1994;117;140000000.0;7000000.0;7.6;86.0;90.0;2
1992;Adapted Screenplay;The Player;Michael Tolkin;1.0;0.0;0.0;0.0;United States;08/05/1992;124;21706100.0;8000000.0;7.6;85.0;98.0;5
1992;Director;The Player;Robert Altman;1.0;0.0;0.0;0.0;United States;08/05/1992;124;21706100.0;8000000.0;7.6;85.0;98.0;5
1991;Actor;The Prince of Tides;Nick Nolte;0.0;1.0;0.0;0.0;United States;25/12/1991;132;110000000.0;30000000.0;6.7;70.0;73.0;12
1985;Original Screenplay;The Purple Rose of Cairo;Woody Allen;1.0;1.0;0.0;0.0;United States;19/04/1985;82;10631333.0;15000000.0;7.7;88.0;91.0;4
2006;Actress;The Queen;Helen Mirren;1.0;1.0;1.0;1.0;United Kingdom;17/11/2006;103;77900000.0;9800000.0;7.3;76.0;97.0;11
2006;Original Screenplay;The Queen;Peter Morgan;0.0;1.0;0.0;0.0;United Kingdom;17/11/2006;103;77900000.0;9800000.0;7.3;76.0;97.0;11
2006;Picture;The Queen;The Queen;1.0;0.0;0.0;0.0;United Kingdom;17/11/2006;103;77900000.0;9800000.0;7.3;76.0;97.0;11
2008;Actress;The Reader;Kate Winslet;1.0;0.0;0.0;1.0;Germany;30/01/2009;124;108900000.0;32000000.0;7.6;79.0;61.0;1
2015;Actor;The Revenant;Leonardo DiCaprio;1.0;1.0;1.0;1.0;United States;08/01/2016;156;533000000.0;135000000.0;8.0;84.0;81.0;1
2015;Director;The Revenant;Alejandro G. Irritu;1.0;1.0;1.0;1.0;United States;08/01/2016;156;533000000.0;135000000.0;8.0;84.0;81.0;1
2015;Picture;The Revenant;The Revenant;1.0;1.0;0.0;0.0;United States;08/01/2016;156;533000000.0;135000000.0;8.0;84.0;81.0;1
1991;Actor;The Silence of the Lambs;Anthony Hopkins;1.0;0.0;0.0;1.0;United States;14/02/1991;118;272700000.0;19000000.0;8.6;95.0;95.0;2
1991;Actress;The Silence of the Lambs;Jodie Foster;1.0;1.0;0.0;1.0;United States;14/02/1991;118;272700000.0;19000000.0;8.6;95.0;95.0;2
1991;Adapted Screenplay;The Silence of the Lambs;Ted Tally;0.0;0.0;0.0;1.0;United States;14/02/1991;118;272700000.0;19000000.0;8.6;95.0;95.0;2
1991;Director;The Silence of the Lambs;Jonathan Demme;0.0;0.0;1.0;1.0;United States;14/02/1991;118;272700000.0;19000000.0;8.6;95.0;95.0;2
1991;Picture;The Silence of the Lambs;The Silence of the Lambs;0.0;0.0;0.0;1.0;United States;14/02/1991;118;272700000.0;19000000.0;8.6;95.0;95.0;2
2010;Adapted Screenplay;The Social Network;Aaron Sorkin;1.0;1.0;0.0;1.0;United States;01/10/2010;120;224900000.0;40000000.0;7.7;86.0;96.0;10
2010;Director;The Social Network;David Fincher;1.0;1.0;0.0;0.0;United States;01/10/2010;120;224900000.0;40000000.0;7.7;86.0;96.0;10
2010;Picture;The Social Network;The Social Network;0.0;1.0;0.0;0.0;United States;01/10/2010;120;224900000.0;40000000.0;7.7;86.0;96.0;10
1999;Supporting Actor;The Talented Mr. Ripley;Jude Law;1.0;0.0;0.0;0.0;United States;25/12/1999;138;128800000.0;40000000.0;7.3;80.0;83.0;12
2014;Actor;The Theory of Everything;Eddie Redmayne;1.0;1.0;1.0;1.0;United Kingdom;26/11/2014;123;123700000.0;15000000.0;7.7;84.0;79.0;11
2014;Adapted Screenplay;The Theory of Everything;Anthony McCarten;1.0;0.0;0.0;0.0;United Kingdom;26/11/2014;123;123700000.0;15000000.0;7.7;84.0;79.0;11
1985;Actress;The Trip to Bountiful;Geraldine Page;0.0;0.0;0.0;1.0;United States;24/01/1986;108;7491903.0;;7.6;86.0;100.0;1
1998;Director;The Truman Show;Peter Weir;1.0;0.0;0.0;0.0;United States;05/06/1998;103;264100000.0;60000000.0;8.1;88.0;94.0;6
1998;Original Screenplay;The Truman Show;Andrew Niccol;1.0;0.0;0.0;0.0;United States;05/06/1998;103;264100000.0;60000000.0;8.1;88.0;94.0;6
1998;Supporting Actor;The Truman Show;Ed Harris;0.0;1.0;0.0;0.0;United States;05/06/1998;103;264100000.0;60000000.0;8.1;88.0;94.0;6
1988;Adapted Screenplay;The Unbearable Lightness of Being;Jean-Claude Carrire;1.0;0.0;0.0;0.0;United States;05/02/1988;171;10006806.0;17000000.0;7.4;85.0;95.0;2
1987;Supporting Actor;The Untouchables;Sean Connery;0.0;1.0;0.0;1.0;United States;03/06/1987;119;106200000.0;25000000.0;7.9;89.0;80.0;6
1995;Original Screenplay;The Usual Suspects;Christopher McQuarrie;1.0;0.0;0.0;1.0;United States;15/09/1995;106;34400000.0;6000000.0;8.6;96.0;88.0;9
1995;Supporting Actor;The Usual Suspects;Kevin Spacey;0.0;0.0;0.0;1.0;United States;15/09/1995;106;34400000.0;6000000.0;8.6;96.0;88.0;9
2013;Actor;The Wolf of Wall Street;Leonardo DiCaprio;0.0;1.0;0.0;0.0;United States;25/12/2013;179;392000000.0;100000000.0;8.2;82.0;77.0;12
2008;Actor;The Wrestler;Mickey Rourke;1.0;1.0;0.0;0.0;United States;30/01/2009;109;44700000.0;6000000.0;7.9;88.0;98.0;1
1983;Supporting Actress;The Year of Living Dangerously;Linda Hunt;0.0;0.0;0.0;1.0;Australia;18/02/1983;114;;;7.2;77.0;89.0;2
1991;Original Screenplay;Thelma and Louise;Callie Khouri;0.0;1.0;0.0;1.0;United States;24/05/1991;129;45400000.0;16500000.0;7.4;82.0;83.0;5
2007;Actor;There Will Be Blood;Daniel Day-Lewis;1.0;1.0;1.0;1.0;United States;25/01/2008;158;76200000.0;25000000.0;8.1;86.0;91.0;1
2011;Adapted Screenplay;Tinker Tailor Soldier Spy;Bridget O'Connor;1.0;0.0;0.0;0.0;United Kingdom;06/01/2012;127;80600000.0;21000000.0;7.1;65.0;83.0;1
1997;Director;Titanic;James Cameron;0.0;1.0;1.0;1.0;United States;19/12/1997;195;21870000.0;200000000.0;7.7;69.0;88.0;12
1997;Picture;Titanic;Titanic;0.0;1.0;0.0;1.0;United States;19/12/1997;195;21870000.0;200000000.0;7.7;69.0;88.0;12
1997;Supporting Actress;Titanic;Gloria Stuart;0.0;0.0;1.0;0.0;United States;19/12/1997;195;21870000.0;200000000.0;7.7;69.0;88.0;12
1982;Actor;Tootsie;Dustin Hoffman;0.0;1.0;0.0;0.0;United States;17/12/1982;116;177200000.0;21000000.0;7.4;81.0;89.0;12
1982;Picture;Tootsie;Tootsie;0.0;1.0;0.0;0.0;United States;17/12/1982;116;177200000.0;21000000.0;7.4;81.0;89.0;12
1982;Supporting Actress;Tootsie;Jessica Lange;0.0;1.0;0.0;1.0;United States;17/12/1982;116;177200000.0;21000000.0;7.4;81.0;89.0;12
2000;Adapted Screenplay;Traffic;Stephen Gaghan;1.0;1.0;0.0;1.0;United States;05/01/2001;147;207500000.0;48000000.0;7.6;85.0;92.0;1
2000;Director;Traffic;Steven Soderbergh;0.0;0.0;0.0;1.0;United States;05/01/2001;147;207500000.0;48000000.0;7.6;85.0;92.0;1
2000;Picture;Traffic;Traffic;0.0;0.0;1.0;0.0;United States;05/01/2001;147;207500000.0;48000000.0;7.6;85.0;92.0;1
2000;Supporting Actor;Traffic;Benicio del Toro;1.0;1.0;0.0;1.0;United States;05/01/2001;147;207500000.0;48000000.0;7.6;85.0;92.0;1
2001;Actor;Training Day;Denzel Washington;0.0;0.0;0.0;1.0;United States;05/10/2001;122;104500000.0;45000000.0;7.7;89.0;72.0;10
2005;Actress;Transamerica;Felicity Huffman;0.0;1.0;0.0;0.0;United States;03/03/2006;103;15200000.0;1000000.0;7.4;83.0;76.0;3
1988;Supporting Actor;Tucker: The Man and His Dream;Martin Landau;0.0;1.0;0.0;0.0;United States;12/08/1988;110;19700000.0;24000000.0;6.9;67.0;84.0;8
1999;Actress;Tumbleweeds;Janet McTeer;0.0;1.0;0.0;0.0;United States;03/03/2000;100;1350248.0;312000.0;6.7;65.0;82.0;3
1997;Actor;Ulee's Gold;Peter Fonda;0.0;1.0;0.0;0.0;United States;18/07/1997;113;9054736.0;2700000.0;7.1;74.0;94.0;7
1992;Director;Unforgiven;Clint Eastwood;0.0;1.0;1.0;1.0;United States;07/08/1992;131;159200000.0;14400000.0;8.3;93.0;95.0;8
1992;Picture;Unforgiven;Unforgiven;0.0;0.0;0.0;1.0;United States;07/08/1992;131;159200000.0;14400000.0;8.3;93.0;95.0;8
1992;Supporting Actor;Unforgiven;Gene Hackman;1.0;1.0;0.0;1.0;United States;07/08/1992;131;159200000.0;14400000.0;8.3;93.0;95.0;8
2006;Director;United 93;Paul Greengrass;1.0;0.0;0.0;0.0;United States;28/04/2006;110;76300000.0;15000000.0;7.6;83.0;91.0;4
2009;Adapted Screenplay;Up in the Air;Jason Reitman;1.0;1.0;0.0;0.0;United States;23/12/2009;109;166800000.0;25000000.0;7.4;79.0;91.0;12
2004;Actress;Vera Drake;Imelda Staunton;1.0;0.0;0.0;0.0;United Kingdom;04/02/2005;125;13300000.0;11000000.0;7.7;84.0;92.0;2
2004;Director;Vera Drake;Mike Leigh;1.0;0.0;0.0;0.0;United Kingdom;04/02/2005;125;13300000.0;11000000.0;7.7;84.0;92.0;2
2008;Supporting Actress;Vicky Cristina Barcelona;Penlope Cruz;1.0;0.0;0.0;1.0;Spain;15/08/2008;97;96409300.0;15000000.0;7.1;74.0;81.0;8
1982;Actress;Victor Victoria;Julie Andrews;0.0;1.0;0.0;0.0;United Kingdom;19/03/1982;132;28215453.0;;7.6;86.0;96.0;3
2005;Actor;Walk the Line;Joaquin Phoenix;0.0;1.0;0.0;0.0;United States;18/11/2005;136;186400000.0;28000000.0;7.9;90.0;82.0;11
2005;Actress;Walk the Line;Reese Witherspoon;1.0;1.0;1.0;1.0;United States;18/11/2005;136;186400000.0;28000000.0;7.9;90.0;82.0;11
1987;Actor;Wall Street;Michael Douglas;0.0;1.0;0.0;1.0;United States;11/12/1987;126;43800000.0;15000000.0;7.4;81.0;78.0;12
1993;Actress;What's Love Got to Do with It;Angela Bassett;0.0;1.0;0.0;0.0;United States;25/06/1993;118;39100956.0;15000000.0;7.2;88.0;96.0;6
1989;Original Screenplay;When Harry Met Sally;Nora Ephron;1.0;0.0;0.0;0.0;United States;21/07/1989;96;92800000.0;16000000.0;7.6;89.0;89.0;7
2014;Supporting Actor;Whiplash;J. K. Simmons;1.0;1.0;1.0;1.0;United States;15/10/2014;106;49000000.0;3300000.0;8.5;94.0;94.0;10
1985;Original Screenplay;Witness;Earl Wallace;0.0;0.0;0.0;1.0;United States;08/02/1985;112;68700000.0;12000000.0;7.4;80.0;92.0;2
1988;Actress;Working Girl;Melanie Griffith;0.0;1.0;0.0;0.0;United States;21/12/1988;114;102953112.0;28600000.0;6.7;67.0;84.0;12
1988;Picture;Working Girl;Working Girl;0.0;1.0;0.0;0.0;United States;21/12/1988;114;102953112.0;28600000.0;6.7;67.0;84.0;12
1988;Supporting Actress;Working Girl;Sigourney Weaver;0.0;1.0;0.0;0.0;United States;21/12/1988;114;102953112.0;28600000.0;6.7;67.0;84.0;12
2012;Actress;Zero Dark Thirty;Jessica Chastain;0.0;1.0;0.0;0.0;United States;11/01/2013;157;132800000.0;40000000.0;7.4;80.0;92.0;1
